pa_id,ct_id,time,DFS.months,event,DFS.status,time_match,event_match
1801006,1000044195,64.0,64.0,0,0,True,True
1736531,1000657792,9.0,9.0,1,1,True,True
1733665,1000766616,77.0,77.0,0,0,True,True
1834947,1000786080,42.0,42.0,0,0,True,True
1510734,1000965513,49.23333333333333,49.233333333333334,1,1,True,True
1532089,1001475834,30.0,30.0,0,0,True,True
1514733,1001633976,41.0,41.0,0,0,True,True
1642464,1002060266,91.0,91.0,0,0,True,True
1907764,1002151641,60.0,60.0,0,0,True,True
1725319,1002243486,75.0,75.0,0,0,True,True
1518627,1002245802,78.0,78.0,0,0,True,True
1612520,1002306570,98.7,98.7,0,0,True,True
1735041,1002397811,4.833333333333333,4.833333333333333,1,1,True,True
1703529,1002674356,89.0,89.0,1,1,True,True
1903107,1002684511,59.0,59.0,0,0,True,True
1717953,1002797201,8.9,8.9,1,1,True,True
1116738,1002852556,88.0,88.0,0,0,True,True
1804142,1003038318,74.73333333333333,74.73333333333333,0,0,True,True
1924069,1003066608,47.0,47.0,0,0,True,True
1826350,1003293739,9.0,9.0,1,1,True,True
1122091,1003349107,14.0,14.0,1,1,True,True
1839446,1003371416,65.0,65.0,0,0,True,True
1328255,1003378324,16.0,16.0,0,0,True,True
1512714,1003417239,97.96666666666668,97.96666666666667,0,0,True,True
1117123,1003684496,39.0,39.0,1,1,True,True
1117569,1003772964,13.0,13.0,0,0,True,True
1130628,1003861841,17.0,17.0,0,0,True,True
1128566,1003890811,34.0,34.0,0,0,True,True
1629282,1003934463,42.0,42.0,1,1,True,True
1201535,1004037677,87.0,87.0,1,1,True,True
1836251,1004117837,68.0,68.0,0,0,True,True
1727773,1004118169,11.666666666666666,11.666666666666666,1,1,True,True
1206967,1004127086,20.0,20.0,1,1,True,True
1203423,1004128950,140.0,140.0,0,0,True,True
1206350,1004203271,40.0,40.0,1,1,True,True
1833085,1004289990,69.0,69.0,0,0,True,True
1628357,1004327362,34.06666666666667,34.06666666666667,1,1,True,True
1832119,1004328241,26.966666666666665,26.966666666666665,1,1,True,True
1409791,1004403794,125.13333333333334,125.13333333333334,0,0,True,True
1412320,1004410247,123.0,123.0,0,0,True,True
1231110,1004441032,16.0,16.0,1,1,True,True
1740285,1004445460,59.0,59.0,0,0,True,True
1325814,1004471758,121.5,121.5,0,0,True,True
1906415,1004502486,61.0,61.0,0,0,True,True
1537907,1004525572,38.56666666666667,38.56666666666667,0,0,True,True
1302740,1004529326,38.0,38.0,0,0,True,True
1623488,1004538907,7.466666666666667,7.466666666666667,0,0,True,True
1542509,1004543842,49.96666666666667,49.96666666666667,0,0,True,True
1920751,1004550605,54.0,54.0,0,0,True,True
1219950,1004566853,2.0,2.0,1,1,True,True
1316839,1004680686,1.0,1.0,1,1,True,True
1326100,1004683202,23.0,23.0,1,1,True,True
1321950,1004690487,75.0,75.0,1,1,True,True
1420404,1004767894,122.43333333333334,122.43333333333334,0,0,True,True
1228314,1004812181,86.0,86.0,0,0,True,True
1317527,1004836932,100.86666666666666,100.86666666666666,1,1,True,True
1301976,1004849925,13.3,13.3,1,1,True,True
1702036,1004884218,6.7,6.7,1,1,True,True
1309254,1004884397,4.5,4.5,0,0,True,True
1313613,1004895394,43.2,43.2,1,1,True,True
1318125,1004907689,58.46666666666667,58.46666666666667,0,0,True,True
1725136,1004960146,77.0,77.0,0,0,True,True
1318827,1004964654,20.566666666666663,20.566666666666666,1,1,True,True
1338051,1004980526,72.0,72.0,0,0,True,True
1402520,1004987720,1.3333333333333333,1.3333333333333333,0,0,True,True
1328177,1004990534,130.0,130.0,0,0,True,True
1234152,1005002440,49.0,49.0,1,1,True,True
1424381,1005006619,80.0,80.0,1,1,True,True
1302283,1005017405,55.96666666666667,55.96666666666667,1,1,True,True
1923943,1005063403,60.0,60.0,0,0,True,True
1401669,1005103565,23.33333333333333,23.333333333333332,1,1,True,True
1405177,1005116405,125.0,125.0,0,0,True,True
1406452,1005127244,27.0,27.0,0,0,True,True
1407478,1005129753,110.0,110.0,0,0,True,True
1735982,1005154993,64.0,64.0,0,0,True,True
1325714,1005177968,4.166666666666667,4.166666666666667,1,1,True,True
1334054,1005191667,18.633333333333333,18.633333333333333,0,0,True,True
1735983,1005219237,80.0,80.0,0,0,True,True
1304936,1005266365,3.8666666666666663,3.8666666666666667,1,1,True,True
1607001,1005304472,8.833333333333334,8.833333333333334,1,1,True,True
1922079,1005304760,59.333333333333336,59.333333333333336,0,0,True,True
1607145,1005306431,2.8,2.8,1,1,True,True
1608828,1005308534,86.1,86.1,1,1,True,True
1706099,1005310223,84.0,84.0,1,1,True,True
1618445,1005314843,43.6,43.6,1,1,True,True
1611939,1005315708,72.63333333333334,72.63333333333334,1,1,True,True
1612403,1005315776,15.233333333333333,15.233333333333333,1,1,True,True
1615177,1005318059,3.0,3.0,0,0,True,True
1618375,1005323545,70.7,70.7,0,0,True,True
1612231,1005323870,11.233333333333333,11.233333333333333,1,1,True,True
1613163,1005333373,41.0,41.0,0,0,True,True
1612341,1005334253,99.0,99.0,0,0,True,True
1517876,1005349848,52.0,52.0,1,1,True,True
1734888,1005353065,58.0,58.0,0,0,True,True
1604621,1005356940,18.566666666666663,18.566666666666666,1,1,True,True
1920974,1005368973,32.766666666666666,32.766666666666666,0,0,True,True
1634182,1005385953,1.4,1.4,1,1,True,True
1640803,1005388579,91.0,91.0,0,0,True,True
1641792,1005389078,19.0,19.0,0,0,True,True
1702464,1005394162,10.8,10.8,1,1,True,True
1701711,1005397864,3.7,3.7,1,1,True,True
1701978,1005399452,88.0,88.0,0,0,True,True
1704542,1005402332,90.2,90.2,0,0,True,True
1705772,1005405200,85.53333333333333,85.53333333333333,0,0,True,True
1705914,1005405935,88.0,88.0,0,0,True,True
1706495,1005407135,48.766666666666666,48.766666666666666,1,1,True,True
1411733,1005424611,40.0,40.0,1,1,True,True
1414062,1005425234,12.866666666666667,12.866666666666667,1,1,True,True
1412086,1005425538,79.0,79.0,0,0,True,True
1317792,1005455664,17.133333333333333,17.133333333333333,0,0,True,True
1802515,1005461877,78.0,78.0,0,0,True,True
1321201,1005469299,130.0,130.0,0,0,True,True
1440950,1005490424,24.633333333333333,24.633333333333333,1,1,True,True
1513216,1005491920,24.0,24.0,0,0,True,True
1502189,1005493067,52.66666666666666,52.666666666666664,1,1,True,True
1503553,1005495395,113.0,113.0,0,0,True,True
1518792,1005507723,32.9,32.9,1,1,True,True
1523343,1005512125,42.66666666666666,42.666666666666664,1,1,True,True
1528409,1005514228,28.633333333333333,28.633333333333333,1,1,True,True
1918330,1005516425,61.0,61.0,0,0,True,True
1328060,1005549500,27.0,27.0,0,0,True,True
1436278,1005558374,6.3,6.3,1,1,True,True
1434920,1005559373,41.63333333333333,41.63333333333333,1,1,True,True
1439413,1005574661,22.466666666666665,22.466666666666665,1,1,True,True
1440284,1005575013,90.56666666666666,90.56666666666666,1,1,True,True
1500586,1005579783,16.0,16.0,1,1,True,True
1503898,1005584962,25.466666666666665,25.466666666666665,0,0,True,True
1621482,1005594781,21.0,21.0,1,1,True,True
1618337,1005598437,33.233333333333334,33.233333333333334,1,1,True,True
1618478,1005599017,13.0,13.0,0,0,True,True
1619449,1005603596,97.0,97.0,0,0,True,True
1622235,1005614676,17.0,17.0,0,0,True,True
1624930,1005624132,89.0,89.0,1,1,True,True
1429813,1005631628,63.0,63.0,0,0,True,True
1431102,1005634396,73.73333333333333,73.73333333333333,0,0,True,True
1437126,1005640400,116.0,116.0,0,0,True,True
1435051,1005644668,36.0,36.0,1,1,True,True
1435984,1005644733,11.466666666666669,11.466666666666667,1,1,True,True
1436722,1005647827,72.76666666666667,72.76666666666667,1,1,True,True
1917738,1005648602,61.0,61.0,0,0,True,True
1707583,1005653492,25.0,25.0,0,0,True,True
1438901,1005656817,3.466666666666667,3.466666666666667,1,1,True,True
1420565,1005667763,120.0,120.0,0,0,True,True
1330466,1005672298,36.0,36.0,1,1,True,True
1331599,1005676070,48.0,48.0,0,0,True,True
1413719,1005681470,39.1,39.1,1,1,True,True
1930973,1005694353,58.0,58.0,0,0,True,True
1610138,1005700278,100.0,100.0,0,0,True,True
1410840,1005713585,48.0,48.0,1,1,True,True
1415392,1005732695,1.2,1.2,1,1,True,True
1415574,1005733399,123.7,123.7,0,0,True,True
1418081,1005734457,4.0,4.0,1,1,True,True
1544448,1005766985,4.0,4.0,1,1,True,True
1813974,1005786059,73.23333333333333,73.23333333333333,0,0,True,True
1428071,1005800690,1.4666666666666666,1.4666666666666666,1,1,True,True
1428940,1005801544,63.0,63.0,0,0,True,True
1432137,1005806583,4.0,4.0,1,1,True,True
1328201,1005811804,20.0,20.0,1,1,True,True
1328129,1005817703,35.0,35.0,0,0,True,True
1326471,1005818613,11.0,11.0,1,1,True,True
1331373,1005830490,91.0,91.0,1,1,True,True
1631783,1005834319,32.666666666666664,32.666666666666664,1,1,True,True
1328197,1005847699,130.0,130.0,0,0,True,True
1412391,1005889008,123.0,123.0,0,0,True,True
1731145,1005892111,9.733333333333333,9.733333333333333,1,1,True,True
1419106,1005906182,5.333333333333333,5.333333333333333,0,0,True,True
1601451,1005936258,5.0,5.0,0,0,True,True
1416489,1005939889,53.0,53.0,0,0,True,True
1405434,1005942098,116.93333333333334,116.93333333333334,0,0,True,True
1830808,1005978255,69.0,69.0,0,0,True,True
1941365,1005993649,53.0,53.0,0,0,True,True
1701657,1005999214,65.86666666666666,65.86666666666666,1,1,True,True
1404425,1006002844,66.0,66.0,0,0,True,True
1327351,1006027473,42.0,42.0,0,0,True,True
1819647,1006032953,62.0,62.0,0,0,True,True
1505082,1006063922,19.0,19.0,1,1,True,True
1504898,1006064333,39.53333333333333,39.53333333333333,1,1,True,True
1629944,1006065645,36.36666666666667,36.36666666666667,1,1,True,True
1518924,1006065919,5.233333333333333,5.233333333333333,1,1,True,True
1925866,1006066741,59.0,59.0,0,0,True,True
1514925,1006076891,29.2,29.2,1,1,True,True
1435084,1006126017,36.53333333333333,36.53333333333333,1,1,True,True
1426932,1006132787,119.0,119.0,0,0,True,True
1426774,1006140123,48.0,48.0,0,0,True,True
1437027,1006159192,117.46666666666668,117.46666666666667,0,0,True,True
1436006,1006161884,116.0,116.0,0,0,True,True
1433889,1006163220,41.1,41.1,0,0,True,True
1434064,1006163756,118.36666666666666,118.36666666666666,0,0,True,True
1420889,1006170153,2.0,2.0,1,1,True,True
1408153,1006208537,116.0,116.0,1,1,True,True
1616383,1006236444,98.0,98.0,0,0,True,True
1724469,1006378078,83.0,83.0,0,0,True,True
1707020,1006379657,84.46666666666667,84.46666666666667,0,0,True,True
1718046,1006384555,42.0,42.0,0,0,True,True
1723298,1006398797,84.0,84.0,0,0,True,True
1729395,1006410886,83.23333333333333,83.23333333333333,0,0,True,True
1729836,1006413233,82.0,82.0,0,0,True,True
1640855,1006434142,64.0,64.0,0,0,True,True
1639521,1006436729,62.833333333333336,62.833333333333336,0,0,True,True
1812325,1006467792,39.06666666666667,39.06666666666667,1,1,True,True
1809921,1006467872,14.0,14.0,0,0,True,True
1824307,1006468654,22.0,22.0,1,1,True,True
1832551,1006471014,66.0,66.0,0,0,True,True
1833112,1006471708,67.0,67.0,0,0,True,True
1635994,1006482596,67.0,67.0,0,0,True,True
1634777,1006483903,35.7,35.7,1,1,True,True
1808019,1006487902,10.033333333333331,10.033333333333333,1,1,True,True
1714198,1006488765,79.9,79.9,1,1,True,True
1715442,1006488915,87.23333333333333,87.23333333333333,0,0,True,True
1709370,1006489965,31.0,31.0,1,1,True,True
1709516,1006491101,87.0,87.0,0,0,True,True
1717129,1006496098,26.433333333333334,26.433333333333334,1,1,True,True
1737719,1006501584,74.0,74.0,0,0,True,True
1732959,1006503606,79.0,79.0,0,0,True,True
1737299,1006508378,80.0,80.0,0,0,True,True
1919248,1006511322,61.0,61.0,0,0,True,True
1800039,1006514018,79.0,79.0,0,0,True,True
1802590,1006516660,78.0,78.0,0,0,True,True
1800145,1006516673,18.466666666666665,18.466666666666665,1,1,True,True
1801603,1006519061,65.0,65.0,0,0,True,True
1837198,1006519147,65.0,65.0,0,0,True,True
1842045,1006541384,67.6,67.6,0,0,True,True
1700425,1006545490,90.0,90.0,0,0,True,True
1706146,1006546658,87.96666666666667,87.96666666666667,0,0,True,True
1709575,1006555404,84.0,84.0,0,0,True,True
1628522,1006573697,78.0,78.0,0,0,True,True
1627584,1006573998,74.4,74.4,1,1,True,True
1627770,1006576337,71.0,71.0,0,0,True,True
1627515,1006577644,82.3,82.3,0,0,True,True
1701088,1006578001,30.0,30.0,0,0,True,True
1632024,1006578336,3.533333333333333,3.533333333333333,1,1,True,True
1639538,1006578467,33.0,33.0,0,0,True,True
1633007,1006579825,7.033333333333333,7.033333333333333,1,1,True,True
1637625,1006582887,10.6,10.6,1,1,True,True
1632515,1006586621,8.033333333333333,8.033333333333333,1,1,True,True
1637858,1006593174,66.0,66.0,1,1,True,True
1638866,1006594059,24.433333333333334,24.433333333333334,1,1,True,True
1637859,1006594648,83.0,83.0,0,0,True,True
1701654,1006601089,90.0,90.0,0,0,True,True
1641941,1006601891,77.43333333333334,77.43333333333334,1,1,True,True
1701407,1006601907,62.2,62.2,0,0,True,True
1702123,1006605431,42.0,42.0,0,0,True,True
1706275,1006614031,64.0,64.0,1,1,True,True
1707353,1006615229,39.16666666666666,39.166666666666664,1,1,True,True
1904645,1006630704,64.0,64.0,0,0,True,True
1903106,1006634948,62.73333333333333,62.733333333333334,0,0,True,True
1901876,1006635407,41.0,41.0,0,0,True,True
1930003,1006645482,58.0,58.0,0,0,True,True
1929136,1006645696,58.0,58.0,0,0,True,True
1928673,1006653026,58.0,58.0,0,0,True,True
1623763,1006664263,97.4,97.4,0,0,True,True
1701044,1006673281,63.06666666666667,63.06666666666667,0,0,True,True
1641093,1006680634,28.0,28.0,0,0,True,True
1642609,1006688506,52.0,52.0,0,0,True,True
1734705,1006718517,71.0,71.0,0,0,True,True
1740419,1006731025,79.0,79.0,0,0,True,True
1804298,1006731670,78.0,78.0,0,0,True,True
1805825,1006734385,57.0,57.0,1,1,True,True
1814670,1006737328,1.0,1.0,1,1,True,True
1821568,1006743677,72.0,72.0,0,0,True,True
1830473,1006754359,44.0,44.0,1,1,True,True
1840236,1006757891,63.7,63.7,0,0,True,True
1839827,1006758815,67.0,67.0,0,0,True,True
1612521,1006784352,100.56666666666666,100.56666666666666,0,0,True,True
1728790,1006819447,32.4,32.4,0,0,True,True
1841195,1006839253,60.0,60.0,0,0,True,True
1732426,1006906098,10.266666666666667,10.266666666666667,1,1,True,True
1841143,1006909280,67.0,67.0,0,0,True,True
1909993,1006947798,56.0,56.0,1,1,True,True
1716026,1006958315,16.2,16.2,1,1,True,True
1822671,1006971572,64.0,64.0,0,0,True,True
1911518,1006999308,44.0,44.0,0,0,True,True
1738633,1007003467,19.0,19.0,0,0,True,True
1520643,1007040307,109.0,109.0,0,0,True,True
1504785,1007079889,1.4333333333333331,1.4333333333333333,1,1,True,True
1641142,1007096336,92.4,92.4,0,0,True,True
1607015,1007103761,72.0,72.0,1,1,True,True
1612041,1007122323,100.7,100.7,0,0,True,True
1617776,1007122715,26.0,26.0,0,0,True,True
1621584,1007133309,21.7,21.7,1,1,True,True
1617984,1007134776,40.86666666666667,40.86666666666667,0,0,True,True
1519591,1007138899,42.7,42.7,1,1,True,True
1518276,1007139696,15.0,15.0,1,1,True,True
1519784,1007139874,15.5,15.5,1,1,True,True
1520463,1007140944,110.76666666666668,110.76666666666667,0,0,True,True
1526129,1007155125,33.666666666666664,33.666666666666664,0,0,True,True
1818151,1007157248,35.93333333333333,35.93333333333333,0,0,True,True
1527525,1007159852,108.83333333333331,108.83333333333333,0,0,True,True
1527105,1007159882,107.0,107.0,0,0,True,True
1527391,1007160366,108.8,108.8,0,0,True,True
1527788,1007161935,108.73333333333332,108.73333333333333,0,0,True,True
1530721,1007167667,107.9,107.9,0,0,True,True
1529736,1007168095,56.0,56.0,1,1,True,True
1531211,1007169659,51.0,51.0,1,1,True,True
1532633,1007171553,8.166666666666666,8.166666666666666,1,1,True,True
1533101,1007178740,106.0,106.0,0,0,True,True
1514127,1007188951,62.0,62.0,0,0,True,True
1514418,1007189467,38.266666666666666,38.266666666666666,1,1,True,True
1514824,1007192130,73.0,73.0,0,0,True,True
1517871,1007197293,5.766666666666667,5.766666666666667,1,1,True,True
1520444,1007198098,105.0,105.0,0,0,True,True
1520445,1007199484,27.3,27.3,1,1,True,True
1522336,1007204714,21.366666666666667,21.366666666666667,1,1,True,True
1622515,1007214268,83.0,83.0,0,0,True,True
1816593,1007221213,51.0,51.0,1,1,True,True
1622054,1007235690,97.86666666666666,97.86666666666666,0,0,True,True
1624653,1007236271,36.0,36.0,0,0,True,True
1714170,1007246550,19.1,19.1,1,1,True,True
1716546,1007253479,72.73333333333333,72.73333333333333,0,0,True,True
1718419,1007258211,85.0,85.0,0,0,True,True
1719671,1007260407,15.033333333333331,15.033333333333333,1,1,True,True
1731146,1007267528,82.76666666666667,82.76666666666667,0,0,True,True
1721726,1007276858,47.36666666666667,47.36666666666667,1,1,True,True
1729390,1007279102,79.96666666666667,79.96666666666667,0,0,True,True
1530005,1007283159,106.0,106.0,0,0,True,True
1531467,1007289793,107.7,107.7,0,0,True,True
1532552,1007290233,19.4,19.4,1,1,True,True
1533811,1007292939,106.86666666666666,106.86666666666666,0,0,True,True
1536309,1007297908,21.0,21.0,1,1,True,True
1536358,1007299261,99.0,99.0,0,0,True,True
1537224,1007300728,102.0,102.0,0,0,True,True
1539416,1007304802,26.7,26.7,1,1,True,True
1543070,1007312333,5.0,5.0,1,1,True,True
1925713,1007321529,56.0,56.0,0,0,True,True
1602115,1007327842,87.7,87.7,0,0,True,True
1639476,1007332062,91.0,91.0,0,0,True,True
1700730,1007338165,58.0,58.0,0,0,True,True
1704751,1007343620,89.0,89.0,0,0,True,True
1704327,1007345507,25.0,25.0,1,1,True,True
1708521,1007352221,84.0,84.0,0,0,True,True
1718881,1007375566,19.0,19.0,1,1,True,True
1909549,1007411781,63.0,63.0,0,0,True,True
1731549,1007413499,6.633333333333334,6.633333333333334,1,1,True,True
1828201,1007427304,70.0,70.0,0,0,True,True
1503793,1007427708,76.0,76.0,1,1,True,True
1642421,1007429400,50.0,50.0,0,0,True,True
1721036,1007433110,70.9,70.9,1,1,True,True
1519193,1007462068,9.0,9.0,1,1,True,True
1519496,1007463615,109.0,109.0,0,0,True,True
1521439,1007466516,109.0,109.0,0,0,True,True
1942524,1007467248,54.0,54.0,1,1,True,True
1523365,1007475615,11.533333333333331,11.533333333333333,1,1,True,True
1529314,1007478111,8.5,8.5,1,1,True,True
1711695,1007487149,87.0,87.0,0,0,True,True
1619708,1007490692,18.633333333333333,18.633333333333333,1,1,True,True
1620082,1007491170,61.86666666666667,61.86666666666667,1,1,True,True
1638631,1007496576,91.0,91.0,0,0,True,True
1705955,1007501363,52.73333333333333,52.733333333333334,1,1,True,True
1732487,1007509090,81.0,81.0,0,0,True,True
1739359,1007511872,67.0,67.0,0,0,True,True
1741274,1007512811,79.76666666666667,79.76666666666667,0,0,True,True
1811796,1007517404,13.666666666666666,13.666666666666666,1,1,True,True
1504486,1007520950,33.0,33.0,1,1,True,True
1503265,1007521035,47.0,47.0,1,1,True,True
1503958,1007523252,64.0,64.0,1,1,True,True
1503647,1007524754,103.0,103.0,1,1,True,True
1503131,1007524793,69.1,69.1,1,1,True,True
1932572,1007531520,58.43333333333333,58.43333333333333,0,0,True,True
1512086,1007543429,80.56666666666666,80.56666666666666,1,1,True,True
1522244,1007550046,95.0,95.0,1,1,True,True
1516291,1007550331,77.0,77.0,0,0,True,True
1513736,1007550413,15.333333333333334,15.333333333333334,1,1,True,True
1519894,1007558207,30.066666666666663,30.066666666666666,1,1,True,True
1522617,1007563951,41.43333333333333,41.43333333333333,1,1,True,True
1522871,1007564831,101.0,101.0,0,0,True,True
1720012,1007566089,76.0,76.0,0,0,True,True
1619802,1007569360,97.0,97.0,0,0,True,True
1627052,1007581888,6.0,6.0,1,1,True,True
1707913,1007613429,49.3,49.3,0,0,True,True
1706796,1007664589,84.0,84.0,0,0,True,True
1537918,1007665729,89.0,89.0,1,1,True,True
1532422,1007667495,15.0,15.0,1,1,True,True
1543210,1007678316,19.633333333333333,19.633333333333333,1,1,True,True
1611111,1007694413,6.0,6.0,1,1,True,True
1613235,1007697009,6.0,6.0,1,1,True,True
1617723,1007701946,22.0,22.0,0,0,True,True
1617650,1007704302,91.0,91.0,1,1,True,True
1928830,1007708818,24.7,24.7,0,0,True,True
1525520,1007717217,42.66666666666666,42.666666666666664,0,0,True,True
1529999,1007728471,71.63333333333334,71.63333333333334,1,1,True,True
1539095,1007750145,104.0,104.0,0,0,True,True
1729639,1007815584,82.0,82.0,0,0,True,True
1605998,1007825104,61.0,61.0,0,0,True,True
1607648,1007830080,5.533333333333333,5.533333333333333,1,1,True,True
1612740,1007840618,86.0,86.0,0,0,True,True
1615403,1007844121,12.133333333333333,12.133333333333333,1,1,True,True
1942033,1007884792,55.0,55.0,0,0,True,True
1537033,1007908230,104.0,104.0,0,0,True,True
1538174,1007914047,92.0,92.0,0,0,True,True
1540535,1007914512,10.833333333333334,10.833333333333334,1,1,True,True
1538646,1007915475,44.1,44.1,1,1,True,True
1539679,1007920739,22.0,22.0,1,1,True,True
1542121,1007927145,103.0,103.0,0,0,True,True
1604743,1007927787,99.0,99.0,1,1,True,True
1543785,1007928748,92.93333333333334,92.93333333333334,0,0,True,True
1543438,1007929238,91.8,91.8,0,0,True,True
1600192,1007936665,1.0,1.0,1,1,True,True
1607251,1007939235,11.433333333333334,11.433333333333334,1,1,True,True
1601929,1007940517,99.2,99.2,0,0,True,True
1603647,1007945809,14.7,14.7,1,1,True,True
1803624,1007954314,5.066666666666666,5.066666666666666,1,1,True,True
1804424,1007955938,77.0,77.0,0,0,True,True
1804432,1007956723,78.33333333333333,78.33333333333333,0,0,True,True
1821240,1007967232,72.0,72.0,0,0,True,True
1809969,1007968668,61.0,61.0,0,0,True,True
1810255,1007974625,68.0,68.0,0,0,True,True
1812585,1007974971,49.7,49.7,1,1,True,True
1824852,1007977214,71.0,71.0,0,0,True,True
1813078,1007978365,29.166666666666668,29.166666666666668,1,1,True,True
1818577,1007978689,60.833333333333336,60.833333333333336,0,0,True,True
1814284,1007980136,72.6,72.6,1,1,True,True
1812644,1007980605,40.0,40.0,1,1,True,True
1842383,1007980615,63.0,63.0,0,0,True,True
1814487,1007980671,60.0,60.0,0,0,True,True
1817695,1007982308,73.0,73.0,1,1,True,True
1815989,1007983732,36.2,36.2,1,1,True,True
1817623,1007986794,73.0,73.0,0,0,True,True
1818344,1007988324,58.6,58.6,0,0,True,True
1819576,1007989490,65.1,65.1,0,0,True,True
1818392,1007990460,73.0,73.0,0,0,True,True
1821502,1007990816,11.5,11.5,1,1,True,True
1824936,1007993374,26.766666666666666,26.766666666666666,0,0,True,True
1826776,1007994966,71.0,71.0,0,0,True,True
1826191,1007995103,52.4,52.4,1,1,True,True
1827128,1007996389,71.0,71.0,0,0,True,True
1829198,1007997784,19.0,19.0,0,0,True,True
1811804,1008301930,35.36666666666667,35.36666666666667,1,1,True,True
1814115,1008307036,49.0,49.0,0,0,True,True
1813987,1008308318,71.0,71.0,0,0,True,True
1814861,1008310044,74.0,74.0,0,0,True,True
1817375,1008312439,71.0,71.0,0,0,True,True
1818612,1008315696,23.933333333333334,23.933333333333334,0,0,True,True
1820101,1008315791,7.266666666666667,7.266666666666667,1,1,True,True
1816774,1008317141,71.0,71.0,0,0,True,True
1817574,1008317174,73.0,73.0,0,0,True,True
1816891,1008321007,74.0,74.0,0,0,True,True
1819240,1008327389,41.0,41.0,0,0,True,True
1941509,1008344598,55.0,55.0,0,0,True,True
1823703,1008362162,30.0,30.0,0,0,True,True
1838375,1008368555,65.0,65.0,0,0,True,True
1925697,1008385683,7.966666666666667,7.966666666666667,1,1,True,True
1926474,1008388511,46.0,46.0,1,1,True,True
1926325,1008389836,59.0,59.0,0,0,True,True
1927411,1008392102,59.0,59.0,0,0,True,True
1927734,1008392215,59.0,59.0,0,0,True,True
1811082,1008401026,76.06666666666666,76.06666666666666,0,0,True,True
1813564,1008409700,48.66666666666666,48.666666666666664,0,0,True,True
1815873,1008414277,74.0,74.0,0,0,True,True
1817812,1008423280,73.0,73.0,0,0,True,True
1924669,1008427429,60.0,60.0,0,0,True,True
1820492,1008427960,72.0,72.0,0,0,True,True
1826911,1008428586,17.0,17.0,0,0,True,True
1823681,1008436193,71.0,71.0,0,0,True,True
1729099,1008451822,82.0,82.0,0,0,True,True
1727572,1008456039,64.13333333333334,64.13333333333334,0,0,True,True
1733302,1008464920,81.0,81.0,0,0,True,True
1730447,1008465140,82.0,82.0,0,0,True,True
1732613,1008468244,82.13333333333334,82.13333333333334,0,0,True,True
1731335,1008468925,66.0,66.0,0,0,True,True
1733191,1008472209,60.0,60.0,0,0,True,True
1734943,1008478345,80.0,80.0,0,0,True,True
1737169,1008478464,53.0,53.0,0,0,True,True
1736285,1008479048,58.0,58.0,0,0,True,True
1735167,1008479224,80.0,80.0,0,0,True,True
1734758,1008479959,81.43333333333334,81.43333333333334,0,0,True,True
1740750,1008482140,79.96666666666667,79.96666666666667,0,0,True,True
1737717,1008488201,66.0,66.0,0,0,True,True
1739128,1008488687,42.3,42.3,0,0,True,True
1739507,1008493505,62.333333333333336,62.333333333333336,0,0,True,True
1739039,1008494693,80.0,80.0,0,0,True,True
1737380,1008494820,80.0,80.0,0,0,True,True
1738006,1008495896,37.0,37.0,1,1,True,True
1720677,1008600737,59.0,59.0,0,0,True,True
1722988,1008618726,82.73333333333333,82.73333333333333,0,0,True,True
1724765,1008624740,72.0,72.0,0,0,True,True
1723321,1008625092,8.433333333333334,8.433333333333334,0,0,True,True
1725311,1008628954,42.5,42.5,1,1,True,True
1724775,1008629675,33.0,33.0,1,1,True,True
1724969,1008632524,83.0,83.0,0,0,True,True
1728623,1008640869,16.866666666666667,16.866666666666667,1,1,True,True
1732026,1008644421,77.0,77.0,0,0,True,True
1801935,1008647441,78.0,78.0,0,0,True,True
1801242,1008647503,41.333333333333336,41.333333333333336,1,1,True,True
1735482,1008648473,80.0,80.0,0,0,True,True
1733883,1008650695,35.0,35.0,0,0,True,True
1734706,1008652489,11.0,11.0,1,1,True,True
1734965,1008653156,11.066666666666666,11.066666666666666,1,1,True,True
1737916,1008659357,80.73333333333333,80.73333333333333,0,0,True,True
1802517,1008677377,71.0,71.0,0,0,True,True
1804340,1008680110,21.6,21.6,1,1,True,True
1808134,1008692982,76.0,76.0,0,0,True,True
1821002,1008694253,62.0,62.0,0,0,True,True
1741209,1008707625,12.166666666666666,12.166666666666666,1,1,True,True
1740291,1008707900,41.0,41.0,0,0,True,True
1741099,1008711127,79.0,79.0,0,0,True,True
1805930,1008714309,52.0,52.0,0,0,True,True
1800498,1008715965,19.0,19.0,1,1,True,True
1804299,1008716987,63.0,63.0,0,0,True,True
1922266,1008717998,21.0,21.0,0,0,True,True
1802588,1008718788,18.0,18.0,1,1,True,True
1803820,1008722957,30.266666666666666,30.266666666666666,1,1,True,True
1805294,1008725806,63.0,63.0,0,0,True,True
1805298,1008731159,74.0,74.0,0,0,True,True
1806572,1008731286,14.0,14.0,1,1,True,True
1807131,1008732617,76.0,76.0,0,0,True,True
1912267,1008746210,22.0,22.0,1,1,True,True
1809027,1008747237,48.0,48.0,0,0,True,True
1811139,1008747881,75.0,75.0,0,0,True,True
1631879,1008758360,77.4,77.4,0,0,True,True
1729284,1008761989,21.0,21.0,0,0,True,True
1631152,1008804034,94.0,94.0,0,0,True,True
1629345,1008808091,91.0,91.0,0,0,True,True
1631638,1008808495,8.0,8.0,1,1,True,True
1631633,1008810768,36.0,36.0,1,1,True,True
1633573,1008819119,46.0,46.0,0,0,True,True
1638237,1008821169,6.366666666666666,6.366666666666666,1,1,True,True
1638248,1008828233,93.2,93.2,0,0,True,True
1710045,1008844158,10.966666666666669,10.966666666666667,1,1,True,True
1709223,1008847253,88.0,88.0,0,0,True,True
1710992,1008857824,43.13333333333333,43.13333333333333,1,1,True,True
1706360,1008859967,89.63333333333334,89.63333333333334,0,0,True,True
1918303,1009803254,61.0,61.0,0,0,True,True
1920425,1009807060,49.1,49.1,1,1,True,True
1923570,1009807688,43.0,43.0,0,0,True,True
1922803,1009809553,58.0,58.0,0,0,True,True
1924985,1009810533,60.0,60.0,0,0,True,True
1926483,1009812478,59.0,59.0,0,0,True,True
1942065,1009837584,47.0,47.0,0,0,True,True
1930437,1009850950,58.0,58.0,0,0,True,True
1930665,1009852582,59.0,59.0,0,0,True,True
1930169,1009852661,58.0,58.0,0,0,True,True
1930012,1009852735,52.0,52.0,0,0,True,True
1932395,1009853534,57.0,57.0,0,0,True,True
1920978,1009900810,46.0,46.0,1,1,True,True
1913529,1009903416,63.0,63.0,0,0,True,True
1917150,1009903992,21.0,21.0,1,1,True,True
1941713,1009904741,55.0,55.0,0,0,True,True
1917152,1009909525,10.733333333333333,10.733333333333333,0,0,True,True
1919245,1009909783,62.0,62.0,0,0,True,True
1918113,1009910016,61.0,61.0,0,0,True,True
1920232,1009911888,62.13333333333333,62.13333333333333,0,0,True,True
1919873,1009914313,61.06666666666667,61.06666666666667,0,0,True,True
1918858,1009915494,45.0,45.0,0,0,True,True
1918734,1009915531,44.0,44.0,0,0,True,True
1919315,1009917713,61.0,61.0,0,0,True,True
1922460,1009922544,61.6,61.6,0,0,True,True
1924112,1009923892,60.0,60.0,0,0,True,True
1923197,1009924230,13.133333333333333,13.133333333333333,0,0,True,True
1925702,1009924269,59.0,59.0,0,0,True,True
1922933,1009924548,60.0,60.0,0,0,True,True
1926650,1009925407,59.0,59.0,0,0,True,True
1924485,1009926235,52.0,52.0,0,0,True,True
1924499,1009928684,9.566666666666666,9.566666666666666,1,1,True,True
1924842,1009928762,60.0,60.0,0,0,True,True
1925703,1009930339,59.0,59.0,0,0,True,True
1926327,1009932155,59.0,59.0,0,0,True,True
1927741,1009933032,54.0,54.0,0,0,True,True
1929015,1009933216,59.0,59.0,0,0,True,True
1926968,1009933935,59.0,59.0,0,0,True,True
1927202,1009934080,59.0,59.0,0,0,True,True
1929027,1009936213,58.0,58.0,0,0,True,True
1929023,1009936384,58.0,58.0,0,0,True,True
1910359,1011047243,8.0,8.0,1,1,True,True
1922820,1011048056,57.0,57.0,0,0,True,True
1921184,1011060605,61.0,61.0,0,0,True,True
1923931,1011080089,57.0,57.0,0,0,True,True
1922265,1011107568,25.33333333333333,25.333333333333332,1,1,True,True
1920973,1011109637,4.9,4.9,1,1,True,True
1921550,1011110685,57.13333333333333,57.13333333333333,0,0,True,True
1924486,1011110870,48.0,48.0,0,0,True,True
1928016,1011116435,59.0,59.0,0,0,True,True
1928195,1011118952,59.0,59.0,0,0,True,True
1908469,1011242266,64.0,64.0,0,0,True,True
1832929,1011404789,69.0,69.0,0,0,True,True
1834537,1011405898,60.0,60.0,0,0,True,True
1901022,1011406901,16.0,16.0,0,0,True,True
1908295,1011407320,59.0,59.0,0,0,True,True
1840070,1011426382,1.0,1.0,0,0,True,True
1838871,1011428000,67.0,67.0,0,0,True,True
1840751,1011428661,67.0,67.0,0,0,True,True
1902757,1011435847,66.0,66.0,0,0,True,True
1901451,1011461720,100.46666666666668,100.46666666666667,0,0,True,True
1840251,1011462098,67.0,67.0,0,0,True,True
1841844,1011462846,67.0,67.0,0,0,True,True
1900142,1011464196,12.0,12.0,0,0,True,True
1842055,1011467279,67.0,67.0,0,0,True,True
1906765,1011471608,19.0,19.0,0,0,True,True
1902593,1011471928,61.0,61.0,0,0,True,True
1903242,1011473034,60.0,60.0,0,0,True,True
1907760,1011474330,62.0,62.0,0,0,True,True
1907363,1011475183,62.0,62.0,0,0,True,True
1909612,1011476921,20.0,20.0,1,1,True,True
1908315,1011477361,64.0,64.0,0,0,True,True
1911314,1011478847,60.0,60.0,0,0,True,True
1832345,1011524121,69.0,69.0,0,0,True,True
1840758,1011529306,60.0,60.0,0,0,True,True
1916184,1011530366,11.666666666666666,11.666666666666666,1,1,True,True
1902594,1011532127,63.0,63.0,1,1,True,True
1823210,1011541819,24.966666666666665,24.966666666666665,1,1,True,True
1826450,1011542818,62.0,62.0,0,0,True,True
1826720,1011542830,71.0,71.0,0,0,True,True
1827368,1011547359,71.56666666666666,71.56666666666666,0,0,True,True
1824854,1011548779,71.0,71.0,0,0,True,True
1828094,1011550659,27.5,27.5,1,1,True,True
1830522,1011551380,70.0,70.0,0,0,True,True
1835488,1011555314,68.0,68.0,0,0,True,True
1835846,1011556085,68.0,68.0,0,0,True,True
1836823,1011557345,35.0,35.0,0,0,True,True
1900969,1011559095,57.0,57.0,0,0,True,True
1837426,1011559969,68.0,68.0,0,0,True,True
1904992,1011565951,65.0,65.0,0,0,True,True
1904968,1011566160,65.0,65.0,0,0,True,True
1904966,1011566424,65.0,65.0,0,0,True,True
1903865,1011568474,50.0,50.0,0,0,True,True
1907563,1011569961,64.0,64.0,0,0,True,True
1908358,1011574423,61.0,61.0,0,0,True,True
1831798,1011582427,23.23333333333333,23.233333333333334,1,1,True,True
1833662,1011586010,69.0,69.0,0,0,True,True
1900676,1011599087,34.0,34.0,1,1,True,True
1923405,1011727120,60.0,60.0,0,0,True,True
1822351,1011801976,13.0,13.0,1,1,True,True
1821182,1011802407,61.0,61.0,0,0,True,True
1828193,1011804735,61.0,61.0,0,0,True,True
1833533,1011808727,37.0,37.0,0,0,True,True
1835853,1011809185,68.0,68.0,0,0,True,True
1840582,1011811295,17.0,17.0,0,0,True,True
1841202,1011811623,67.0,67.0,0,0,True,True
1838887,1011812542,54.0,54.0,1,1,True,True
1842387,1011818108,64.0,64.0,1,1,True,True
1912831,1011820587,63.0,63.0,0,0,True,True
1925047,1011838366,13.3,13.3,1,1,True,True
1828773,1011905592,61.0,61.0,0,0,True,True
1901447,1011907703,62.0,62.0,0,0,True,True
1834244,1011907709,46.0,46.0,0,0,True,True
1837226,1011909486,68.0,68.0,0,0,True,True
1840250,1011910156,67.0,67.0,0,0,True,True
1900136,1011911554,63.0,63.0,0,0,True,True
1907926,1011913117,64.0,64.0,0,0,True,True
1920221,1011917976,58.0,58.0,0,0,True,True
1919474,1011919400,52.0,52.0,0,0,True,True
1826028,1011921511,25.2,25.2,1,1,True,True
1826081,1011925443,2.333333333333333,2.3333333333333335,1,1,True,True
1826517,1011926034,65.0,65.0,0,0,True,True
1830596,1011931464,10.0,10.0,0,0,True,True
1834955,1011932140,68.0,68.0,1,1,True,True
1835181,1011933333,58.63333333333333,58.63333333333333,0,0,True,True
1907186,1011936909,64.0,64.0,0,0,True,True
1905283,1011938709,41.0,41.0,1,1,True,True
1919861,1011939300,58.0,58.0,0,0,True,True
1906226,1011939752,22.23333333333333,22.233333333333334,1,1,True,True
1419270,3000020090,102.0,102.0,0,0,True,True
1435626,3000037132,69.0,69.0,1,1,True,True
1441133,3000042778,30.0,30.0,1,1,True,True
1505767,3000049996,85.43333333333334,85.43333333333334,0,0,True,True
1714727,3000050096,86.0,86.0,0,0,True,True
1924303,3000051562,60.0,60.0,0,0,True,True
1709049,3000055368,88.0,88.0,0,0,True,True
1518665,3000065181,90.0,90.0,0,0,True,True
1533858,3000079441,10.466666666666669,10.466666666666667,1,1,True,True
1541805,3000084043,103.0,103.0,0,0,True,True
1541211,3000084202,70.96666666666667,70.96666666666667,0,0,True,True
1734035,3000115580,67.0,67.0,0,0,True,True
1733553,3000118512,78.0,78.0,0,0,True,True
1812586,3000201731,18.0,18.0,0,0,True,True
1824459,3000212737,71.0,71.0,0,0,True,True
1824021,3000212812,71.0,71.0,0,0,True,True
1829925,3000216280,56.8,56.8,1,1,True,True
1841125,3000229763,67.0,67.0,0,0,True,True
1842047,3000230144,66.0,66.0,0,0,True,True
1903382,3000232994,65.0,65.0,0,0,True,True
1910772,3000252829,63.0,63.0,0,0,True,True
1911681,3000254333,13.0,13.0,1,1,True,True
1911507,3000254341,63.0,63.0,0,0,True,True
1923933,3000281883,31.03333333333333,31.033333333333335,1,1,True,True
1926193,3000284883,59.0,59.0,0,0,True,True
1927107,3000285893,15.0,15.0,0,0,True,True
1929852,3000294702,58.0,58.0,0,0,True,True
1931323,3000295513,48.0,48.0,0,0,True,True
1931313,3000296729,14.0,14.0,0,0,True,True
1941711,3000350098,55.0,55.0,0,0,True,True
1942879,3000355307,54.0,54.0,0,0,True,True
1930666,6000002675,58.0,58.0,0,0,True,True
1830985,6000019940,67.0,67.0,0,0,True,True
1908196,6000086797,64.0,64.0,0,0,True,True
1924111,6100007707,42.0,42.0,1,1,True,True
1705599,6200007212,89.0,89.0,0,0,True,True
1821983,6290001836,72.0,72.0,0,0,True,True
1609298,6300005150,100.0,100.0,0,0,True,True
1516576,6300007053,58.0,58.0,0,0,True,True
1829971,6900006007,70.0,70.0,0,0,True,True
1322982,6900018019,28.0,28.0,1,1,True,True
1521966,6900021211,109.0,109.0,0,0,True,True
1910562,6900021532,52.0,52.0,0,0,True,True
1642474,6900024572,24.0,24.0,1,1,True,True
1815999,6900028947,71.0,71.0,1,1,True,True
1827963,6900031494,67.0,67.0,0,0,True,True
1830688,6900031901,61.0,61.0,0,0,True,True
1903145,6900034110,66.0,66.0,1,1,True,True
1639237,6990005891,92.0,92.0,0,0,True,True
1830284,6990025836,59.0,59.0,0,0,True,True
2124707,7301094044,10.0,10.0,1,1,True,True
2129111,7301144861,6.0,6.0,1,1,True,True
1922806,J520000022,58.0,58.0,0,0,True,True
