num_patches,max_attention,attention_entropy,attention_entropy_norm,effective_patch_num,effective_patch_ratio,case_id,branch
8459,0.0226004496216774,6.45754861831665,0.7140946984291077,205.1101173210151,0.024247560860741826,1801006,0
7647,0.05534800514578819,6.441219329833984,0.720327615737915,131.42946021586175,0.017187061621009775,1834947,0
7331,0.09061675518751144,6.837817192077637,0.7683055400848389,59.43137750445317,0.008106858205490815,1532089,0
8833,0.0162470992654562,6.938802719116211,0.763659656047821,370.51676016642756,0.0419468765047467,1642464,0
6801,0.031198745593428612,6.87354850769043,0.7788878083229065,251.42969433643717,0.03696951835560023,1907764,0
9725,0.02767394855618477,7.159063816070557,0.7796459197998047,279.37606724746973,0.02872761616940563,1725319,0
5225,0.0370110347867012,6.184427738189697,0.7223778367042542,139.24434439956605,0.026649635291782974,1518627,0
15067,0.04506495222449303,6.806774139404297,0.7075456380844116,160.5513984824843,0.010655830522498461,1612520,0
8523,0.11961591243743896,5.417791366577148,0.598616361618042,42.96104904578733,0.005040601788781805,1735041,0
16447,0.01272360235452652,7.383347511291504,0.7605505585670471,473.4948147788834,0.028789129615059486,1903107,0
19475,0.06881902366876602,6.682134628295898,0.6765425205230713,93.03561686137938,0.004777181867079814,1717953,0
12881,0.0029732512775808573,7.866686820983887,0.8312653303146362,1729.6085038591302,0.13427594937187565,1116738,0
21742,0.01473959069699049,8.00565242767334,0.8016072511672974,694.048299988866,0.03192200809441937,1804142,0
18698,0.08455059677362442,6.905602931976318,0.7020620107650757,81.69398777886678,0.004369129734670381,1826350,0
12870,0.01732524484395981,6.437848091125488,0.6803427338600159,298.2333270330051,0.02317275268321718,1122091,0
12465,0.010795709677040577,7.2184295654296875,0.7654197812080383,501.1811741148163,0.04020707373564511,1839446,0
13711,0.019745202735066414,6.905306816101074,0.7248940467834473,268.2434942494277,0.0195641086900611,1328255,0
10316,0.02574595995247364,7.107826232910156,0.769124448299408,329.0914284247511,0.03190106906017362,1512714,0
16256,0.013672398403286934,7.038996696472168,0.7259528636932373,495.2572896777909,0.03046612264258064,1117123,0
14783,0.007667819038033485,7.2326812744140625,0.7533075213432312,698.1554164309324,0.04722691039917015,1117569,0
9875,0.013263506814837456,7.119901180267334,0.7740906476974487,592.875445859189,0.060038019833841924,1130628,0
13927,0.009904391132295132,7.644730091094971,0.8012012839317322,757.6215715819365,0.05439948097809553,1128566,0
20399,0.024981778115034103,7.4296417236328125,0.7487111687660217,303.02699077372796,0.014854992439518013,1727773,0
5348,0.0307978056371212,6.309979438781738,0.7350451946258545,188.88438780146748,0.035318696297955775,1833085,0
14602,0.04047223553061485,7.218278884887695,0.7527733445167542,191.92759765591833,0.013143925329127403,1832119,0
14694,0.05753367766737938,6.812473297119141,0.709987998008728,92.47511046284501,0.00629339257267218,1409791,0
10348,0.04989277571439743,5.8507080078125,0.6328819394111633,100.87243924144852,0.009748013069332095,1412320,0
3080,0.03498207405209541,6.326435089111328,0.7875865697860718,149.47763853184904,0.04853170082202891,1740285,0
14107,0.05171242728829384,6.344061851501465,0.6639919281005859,142.05655051390795,0.010069933402843125,1325814,0
9839,0.020988602191209793,6.786639213562012,0.7381508350372314,272.3533266928077,0.02768099671641505,1906415,0
13969,0.009255768731236458,8.26424789428711,0.8658562302589417,1140.98264085963,0.08167962208172597,1537907,0
8729,0.03867389261722565,6.570704936981201,0.7240920662879944,129.31500809798123,0.014814412658721644,1302740,0
25630,0.006286729592829943,8.797957420349121,0.8666641712188721,1764.6383084323647,0.06885049974375204,1623488,0
8001,0.05890508368611336,6.868673801422119,0.7642625570297241,149.7262932319226,0.018713447473056193,1542509,0
4020,0.03557592257857323,6.411759853363037,0.7725908160209656,172.52265209544115,0.042916082610806254,1920751,0
15298,0.02049075812101364,6.947801113128662,0.721064567565918,334.7416200557819,0.021881397571955934,1219950,0
17330,0.017167674377560616,7.327188491821289,0.7507215738296509,399.4172180355684,0.023047733296916815,1316839,0
14786,0.01588613912463188,7.226131439208984,0.7526094913482666,432.8200081868604,0.029272285147224426,1326100,0
16094,0.017812397330999374,7.214109420776367,0.7447820901870728,338.4399380764456,0.02102895104240373,1321950,0
10636,0.012491561472415924,6.772544860839844,0.7304298281669617,394.74242249616975,0.03711380429636797,1317527,0
13542,0.03142912685871124,6.86514949798584,0.7216179370880127,233.8375022240593,0.017267575116235365,1301976,0
11735,0.02721254713833332,6.243910789489746,0.6663490533828735,174.7213182297028,0.014888906538534539,1318125,0
12798,0.05374723672866821,7.206648349761963,0.7620401978492737,162.47060455034642,0.012694999574179279,1725136,0
11623,0.026746341958642006,6.686977386474609,0.7143640518188477,235.95941752795716,0.02030107696188223,1318827,0
6235,0.020096082240343094,6.215846061706543,0.7113633155822754,192.53975162496718,0.030880473396145497,1338051,0
8656,0.014465093612670898,6.983502388000488,0.7702952027320862,380.4066242095985,0.04394716083752293,1402520,0
10754,0.03023979440331459,6.2582502365112305,0.6741600632667542,165.83715138796134,0.01542097372028653,1328177,0
11396,0.010382352396845818,7.592722415924072,0.812836766242981,614.6736960875543,0.05393767076935366,1234152,0
7231,0.10477522760629654,5.1853508949279785,0.583532989025116,33.72279304427354,0.004663641687771199,1424381,0
12358,0.0074323564767837524,7.213160037994385,0.7655609250068665,681.3685754544898,0.055135829054417364,1302283,0
6092,0.044345565140247345,6.360906600952148,0.7299026846885681,131.82714165641713,0.02163938635200544,1923943,0
14777,0.031139837577939034,7.113370895385742,0.7409123182296753,235.36019897760286,0.015927468293808138,1405177,0
12887,0.09389407932758331,6.812520980834961,0.7198372483253479,83.41296556927384,0.006472644181677182,1407478,0
13911,0.02106424793601036,7.0092058181762695,0.7346841096878052,359.3714320713373,0.025833615992476265,1735982,0
11124,0.09868858009576797,5.326206207275391,0.5716739296913147,34.244571408743255,0.0030784404358812707,1325714,0
10456,0.02128761075437069,7.1067938804626465,0.7678926587104797,347.02398176167037,0.03318898065815516,1334054,0
17203,0.010475573129951954,7.2773966789245605,0.746182382106781,622.7141155721253,0.03619799544103501,1304936,0
11470,0.016544656828045845,7.33436393737793,0.784634530544281,488.62516282889163,0.04260027574794173,1706099,0
4966,0.14537645876407623,5.423846244812012,0.6373220086097717,33.52745287776243,0.006751400096206691,1618445,0
17122,0.003004630096256733,8.112995147705078,0.8322626352310181,2088.4748357532108,0.12197610301093394,1611939,0
18211,0.027378762140870094,7.094849586486816,0.7232424020767212,278.8541439534612,0.01531240151301198,1612403,0
13285,0.061696168035268784,7.301836013793945,0.7690684199333191,177.13008053768112,0.013333088486088154,1613163,0
7061,0.05881026014685631,6.83079719543457,0.7707666158676147,110.77083719766166,0.015687698229381344,1604621,0
10902,0.0776585042476654,5.847873687744141,0.6290267109870911,62.151814001690425,0.005700955237726144,1634182,0
13309,0.040506765246391296,5.539876461029053,0.5833784937858582,81.4239161929762,0.006117958989629288,1702464,0
2437,0.07629599422216415,5.566460609436035,0.7137839794158936,76.5190418595662,0.03139886822304727,1701978,0
10736,0.10666283965110779,6.001998424530029,0.6466724276542664,55.71497129625844,0.00518954650673048,1705772,0
14713,0.027978762984275818,6.667459487915039,0.6947812438011169,179.26481316707782,0.012184110186031253,1705914,0
11617,0.026235781610012054,7.902276039123535,0.8442400097846985,523.5593181682013,0.04506837549868308,1706495,0
7138,0.021468665450811386,6.721383571624756,0.7574936747550964,231.6410676258999,0.03245181670298401,1411733,0
10748,0.01787688210606575,6.805774211883545,0.733185350894928,371.71770945024394,0.03458482596299255,1412086,0
8394,0.020502978935837746,6.9207048416137695,0.7659652233123779,320.72827723321177,0.03820923007305358,1317792,0
4494,0.028969010338187218,5.787656307220459,0.6881466507911682,132.1035428994374,0.02939553691576266,1802515,0
11724,0.0532001331448555,7.450345516204834,0.7951790690422058,218.2245066107032,0.018613485722509655,1321201,0
13483,0.08051812648773193,6.107260704040527,0.6422486305236816,75.81335545299699,0.005622884777349031,1440950,0
17569,0.019179265946149826,7.221909523010254,0.7388980388641357,328.3559916747552,0.01868950945840715,1513216,0
8274,0.037889640778303146,6.961987495422363,0.7717642784118652,175.44930052590257,0.021204894914902413,1502189,0
15359,0.015029875561594963,7.437956809997559,0.771615743637085,487.8141835183426,0.03176080366679749,1503553,0
10806,0.08655468374490738,6.397844314575195,0.6888396739959717,82.04653263937166,0.007592683013082701,1518792,0
12647,0.05211840942502022,5.172070503234863,0.547588586807251,51.794714337493886,0.004095415065825404,1523343,0
17254,0.05079224333167076,6.600337982177734,0.676555335521698,133.98502114047048,0.007765446919002578,1918330,0
13099,0.02044677920639515,7.097078800201416,0.7486140131950378,433.0537464626953,0.03306006156673756,1328060,0
7845,0.026197077706456184,6.566990852355957,0.7322993874549866,205.83126059595767,0.026237254378069813,1436278,0
19219,0.04495369642972946,7.837821006774902,0.7946162819862366,310.7280037082179,0.01616775085635142,1434920,0
7907,0.043297071009874344,6.153382301330566,0.6855751276016235,114.30019104643992,0.014455569880667752,1439413,0
17464,0.0038727903738617897,8.195213317871094,0.8389946818351746,1798.4574586199842,0.10298084394296748,1440284,0
9840,0.05258149653673172,6.22548246383667,0.6771089434623718,139.54570512413133,0.014181474097980826,1500586,0
13176,0.03405144065618515,7.202783584594727,0.7592945098876953,256.39820143798994,0.01945948705509942,1503898,0
13898,0.025866037234663963,6.483889579772949,0.679688572883606,185.66668620612677,0.013359237746879174,1618337,0
3312,0.07330848276615143,6.329165458679199,0.7808667421340942,103.98968220801679,0.03139785090821763,1624930,0
4359,0.03375675156712532,6.026319980621338,0.7191314101219177,140.51924320176138,0.03223657793112213,1431102,0
13164,0.10051491111516953,5.7171735763549805,0.6027441620826721,31.312573102109717,0.002378651861296697,1437126,0
12837,0.02528304047882557,7.212063789367676,0.7623676061630249,319.3173126764065,0.024874761445540742,1435984,0
10154,0.0285663902759552,7.3025736808776855,0.7915534377098083,318.5106680750952,0.031367999613462205,1436722,0
11631,0.037897635251283646,7.220945358276367,0.7713507413864136,251.2631875274227,0.0216028877592144,1917738,0
12354,0.05043017119169235,6.920929908752441,0.7345706820487976,163.06846292660572,0.013199648933673766,1707583,0
9674,0.08378620445728302,6.050374984741211,0.6592835187911987,65.02074708998528,0.006721185351455993,1438901,0
6388,0.01803332194685936,6.578699111938477,0.7508065104484558,288.8477875570554,0.045217249147942305,1330466,0
13211,0.025330310687422752,6.439562797546387,0.6786484718322754,279.73347130583574,0.02117428440737535,1331599,0
12498,0.02168520912528038,7.68304967880249,0.8144583702087402,528.3937263255202,0.042278262628062106,1413719,0
5974,0.029426582157611847,6.275781631469727,0.7217547297477722,153.1581448516933,0.02563745310540564,1610138,0
10826,0.03501031920313835,6.9920454025268555,0.7526659369468689,242.30449156401605,0.02238171915425975,1410840,0
12988,0.012356358580291271,7.652281284332275,0.8079031109809875,628.3823057314609,0.0483817605275224,1415392,0
9762,0.008343027904629707,7.31037712097168,0.7957953214645386,746.3108238830317,0.07645060683087807,1415574,0
14936,0.020960114896297455,6.932707786560059,0.7212908267974854,284.69521842288384,0.019061008196497312,1813974,0
6862,0.032789964228868484,7.5224175453186035,0.8515537977218628,286.5942465850317,0.04176541046124042,1428940,0
15513,0.054036881774663925,6.877524375915527,0.7127386331558228,111.92066856678747,0.007214637308501738,1432137,0
11342,0.07586505264043808,6.058714866638184,0.6489440202713013,57.2214422460585,0.005045092774295407,1328129,0
13602,0.024299947544932365,6.814512252807617,0.7159626483917236,288.0189827078658,0.02117475244139581,1326471,0
18912,0.034379228949546814,7.7960004806518555,0.7916688323020935,435.9523114276202,0.02305162391220496,1331373,0
12561,0.010730999521911144,7.272642135620117,0.7705415487289429,650.1911411501537,0.051762689367896964,1631783,0
15286,0.021864987909793854,6.492121696472168,0.673827588558197,208.45971877186537,0.013637296792611891,1328197,0
15853,0.02197633869946003,7.125226974487305,0.736753523349762,294.6453171241273,0.018586092040883573,1731145,0
13897,0.020103299990296364,6.789456367492676,0.7117257118225098,238.3157950808138,0.0171487223919417,1601451,0
13991,0.05670769512653351,6.995064735412598,0.7327614426612854,133.34606146446447,0.009530845648235614,1416489,0
12453,0.08830493688583374,6.420506954193115,0.6808801293373108,71.29170423826184,0.005724861819502276,1830808,0
4809,0.04184764623641968,6.6077799797058105,0.7793806791305542,183.87455780935963,0.03823550796618,1941365,0
12089,0.17798203229904175,6.05537748336792,0.6441856026649475,25.81063744334597,0.002135051488406483,1701657,0
14267,0.03972717747092247,7.063634872436523,0.738433301448822,191.9576719160525,0.013454662642184938,1819647,0
11135,0.09910058230161667,5.5829267501831055,0.5991647839546204,45.004348280940256,0.0040417016866583074,1505082,0
11374,0.018449051305651665,7.447575569152832,0.7974629998207092,541.2086315306391,0.04758296391160885,1518924,0
8286,0.028286568820476532,6.6382856369018555,0.7357624173164368,220.5455365556882,0.02661664694130922,1925866,0
13063,0.027047473937273026,7.40407657623291,0.7812235355377197,368.839584560661,0.028235442437469265,1514925,0
13499,0.01169340219348669,7.25983190536499,0.7633594870567322,424.31549791802263,0.031433106001779586,1437027,0
11908,0.029443588107824326,6.7816972732543945,0.7226129174232483,197.3748393186541,0.016574978108721373,1434064,0
15191,0.011836674995720387,7.531922340393066,0.7822563648223877,658.1023777596171,0.04332186016454592,1616383,0
8973,0.02663801796734333,7.410508155822754,0.8141648173332214,273.46251745843847,0.030476152619908443,1718046,0
7823,0.05791105329990387,6.1187214851379395,0.6825255751609802,125.57869841585432,0.01605249883879002,1723298,0
18681,0.04904845729470253,6.890645980834961,0.7006062269210815,160.94587942809704,0.00861548522178133,1729395,0
8824,0.03126071020960808,6.595602512359619,0.7259697318077087,134.89951859821528,0.01528779675863727,1729836,0
8029,0.02448032796382904,6.545100212097168,0.7279763221740723,273.9232864819965,0.03411673763631791,1639521,0
6217,0.02269701287150383,6.774569511413574,0.7755622863769531,265.88607385238487,0.04276758466340436,1832551,0
13486,0.027187608182430267,7.4665398597717285,0.7851740717887878,308.33221911726,0.022863133554594395,1833112,0
16304,0.02480911836028099,7.556440353393555,0.7790815234184265,438.5188157145103,0.026896394486905686,1635994,0
12336,0.18221694231033325,5.607527732849121,0.5952614545822144,20.536129978674776,0.0016647316779081368,1634777,0
5363,0.03530774638056755,7.3298139572143555,0.853566586971283,247.07624008192755,0.04607052770500234,1714198,0
8496,0.04482029005885124,7.247128486633301,0.8010221719741821,243.2444523984822,0.028630467561026624,1715442,0
15531,0.022611934691667557,7.794484615325928,0.807668924331665,517.984704078633,0.03335166467572165,1709370,0
4714,0.07385154068470001,6.333199977874756,0.7487563490867615,79.6611689964011,0.01689884789910927,1709516,0
8347,0.12145020067691803,6.035827159881592,0.6684447526931763,50.87344863820158,0.006094818334515584,1717129,0
21316,0.014698600396513939,7.93814754486084,0.7964259386062622,603.260482134505,0.028300829524043204,1737719,0
10457,0.054501231759786606,6.394800662994385,0.690954327583313,90.21740345824111,0.008627465186787904,1732959,0
11925,0.10826234519481659,6.883388519287109,0.7333369255065918,69.93760859952219,0.005864788981092008,1919248,0
9475,0.16494616866111755,6.4264726638793945,0.7018548846244812,32.745603318433446,0.003456000350230443,1800039,0
10159,0.022914957255125046,6.41604471206665,0.6954221725463867,216.55172091105894,0.021316243814456043,1802590,0
13654,0.015449310652911663,7.750446796417236,0.8139697313308716,555.2787495984056,0.0406678445582544,1801603,0
16743,0.025919165462255478,7.616485595703125,0.783126950263977,444.77294566925065,0.026564710366675664,1842045,0
12450,0.08619914203882217,6.386257171630859,0.6772653460502625,59.144873682663565,0.0047505922636677566,1700425,0
14795,0.02540971152484417,6.901952743530273,0.7188003659248352,224.3772684610089,0.015165749811490969,1706146,0
17897,0.048369888216257095,7.94061279296875,0.8108964562416077,232.20964792748472,0.01297478057369865,1628522,0
15186,0.027882255613803864,7.512739181518555,0.7802906632423401,345.48372481750357,0.02275014650451097,1627584,0
9432,0.02817024290561676,7.156998157501221,0.7820263504981995,258.9837001834728,0.027457983480011963,1627770,0
9502,0.023317134007811546,6.756661415100098,0.7376865744590759,275.63189468432626,0.02900777675061316,1627515,0
19225,0.04770994186401367,6.367708206176758,0.6455524563789368,128.62692648365626,0.006690607359357933,1633007,0
10439,0.029206762090325356,7.095719337463379,0.7668308615684509,336.0049092294797,0.032187461368855225,1637625,0
9727,0.07405024021863937,6.477043151855469,0.7053558230400085,70.10661405360541,0.00720742408282157,1632515,0
15231,0.02349352091550827,6.997851848602295,0.7265899181365967,276.6138558384516,0.018161240617060707,1637859,0
3454,0.04790567606687546,6.920626640319824,0.849439263343811,193.39012709542837,0.0559901931370667,1701654,0
19510,0.01995570957660675,7.250758171081543,0.7339803576469421,288.49837207088797,0.014787205129210045,1641941,0
17360,0.015913108363747597,7.676979064941406,0.7864207029342651,644.0580277458412,0.03710011680563601,1701407,0
8577,0.03748896345496178,6.943212509155273,0.7666264176368713,193.43409409282458,0.022552651753856196,1706275,0
11160,0.014491952024400234,6.852856636047363,0.7352778315544128,412.60033334902414,0.03697135603485879,1904645,0
20125,0.010782991535961628,7.616854667663574,0.7686247825622559,644.748449514536,0.03203719003798937,1903106,0
12583,0.03209560737013817,7.155515193939209,0.757991373538971,262.0900271147775,0.020828898284572638,1901876,0
7409,0.11535394936800003,6.554392337799072,0.7355847954750061,61.82585262170674,0.008344695994291636,1930003,0
4992,0.018979018554091454,7.621089935302734,0.8949571847915649,638.5215468841175,0.12790896371877353,1929136,0
12131,0.06400644034147263,6.947171211242676,0.73878413438797,101.94159260041287,0.008403395647548667,1623763,0
14953,0.014374489895999432,6.65444803237915,0.6922582387924194,324.0138810263269,0.02166882104101698,1701044,0
11736,0.024834634736180305,7.211633682250977,0.7696171402931213,314.4266637598146,0.02679163801634412,1641093,0
13776,0.03409550338983536,6.5944342613220215,0.6919161677360535,210.40272789826207,0.015273136461836678,1804298,0
10219,0.058285683393478394,6.505692481994629,0.704689085483551,88.56596071806817,0.008666793298568174,1805825,0
13109,0.01873069815337658,6.295502662658691,0.6640087366104126,219.6596020463941,0.0167563965250129,1814670,0
14435,0.03440503776073456,7.0397257804870605,0.7350343465805054,231.32719134766162,0.016025437571711924,1821568,0
10149,0.019685689359903336,7.4638261795043945,0.8090754151344299,413.206914721621,0.0407140520959327,1830473,0
20414,0.007429272867739201,8.032512664794922,0.8094046711921692,1088.193647751061,0.05330624315425987,1840236,0
17829,0.009483644738793373,7.936054706573486,0.8107460737228394,923.7603280739892,0.05181223445364233,1839827,0
7853,0.043919727206230164,6.613272666931152,0.7373765110969543,156.60965968443588,0.01994265372270927,1841195,0
18903,0.03114398382604122,6.444881916046143,0.6544970273971558,183.4350952148573,0.009704020272700488,1732426,0
9092,0.0703248530626297,5.627986907958984,0.617432177066803,66.76281148469623,0.007343028099944592,1909993,0
19655,0.026209790259599686,7.545434474945068,0.7632376551628113,520.7691529167508,0.026495505108967227,1716026,0
23400,0.01919272541999817,7.860898017883301,0.7813632488250732,589.6080341055496,0.025196924534425194,1738633,0
18038,0.024764306843280792,7.083178520202637,0.7227559089660645,259.6377132241839,0.014393930215333403,1520643,0
15951,0.040806837379932404,6.482297897338867,0.669847309589386,117.84031103274663,0.007387644099601695,1504785,0
15231,0.03904062137007713,7.69676399230957,0.7991582751274109,257.0130876010198,0.016874340988839852,1641142,0
13809,0.02978190965950489,6.429195880889893,0.6744093298912048,190.082600303745,0.013765124216362156,1607015,0
17065,0.014905942603945732,7.364723205566406,0.7557604312896729,510.2004391439686,0.02989747665654665,1612041,0
12580,0.04927365854382515,5.790854454040527,0.6134468913078308,77.2216967470989,0.00613844966193155,1621584,0
12338,0.01574305072426796,7.264941215515137,0.771189272403717,450.9134974397997,0.03654672535579508,1519591,0
15457,0.02086655981838703,7.054786682128906,0.7313830256462097,304.1426811808389,0.019676695424780934,1518276,0
3866,0.08416721224784851,4.91440486907959,0.5949660539627075,44.57898122914788,0.011531034979086363,1519784,0
14493,0.018650222569704056,7.357381343841553,0.7678800225257874,439.76299675934695,0.030343130943168907,1818151,0
14382,0.02117939479649067,6.730398178100586,0.7030066847801208,268.1315958689815,0.018643554155818486,1527525,0
10034,0.0281407218426466,6.447986125946045,0.699823260307312,162.65085635286513,0.016209971731399753,1527105,0
16744,0.01957343891263008,7.090980052947998,0.7290900349617004,361.10539077702066,0.021566256018694496,1527391,0
9247,0.14998506009578705,5.834252834320068,0.6388762593269348,37.039059801280786,0.004005521769360958,1529736,0
18913,0.009777682833373547,7.585287094116211,0.7702672481536865,618.5807957645256,0.03270664599823009,1531211,0
9071,0.08047082275152206,5.83165168762207,0.6399380564689636,65.8263971042663,0.007256796064851318,1532633,0
13835,0.030954791232943535,7.237039089202881,0.7590007185935974,248.698840377094,0.017976063634050885,1514127,0
7180,0.021582646295428276,6.879752159118652,0.7748293280601501,274.1644127031202,0.03818445859374933,1514418,0
6544,0.02097761631011963,7.188579559326172,0.818157434463501,322.5235891569372,0.04928538954109676,1514824,0
10895,0.085589200258255,5.816030502319336,0.6256446838378906,68.74029459673804,0.006309343239718958,1517871,0
8831,0.021165793761610985,6.902217388153076,0.7596521973609924,319.22994876896337,0.03614878821978976,1520444,0
13508,0.04181104525923729,6.47862434387207,0.6811690330505371,147.81128522805096,0.010942499646731638,1520445,0
10606,0.05436481162905693,6.213616371154785,0.6703526377677917,133.95506722973758,0.01263012136806879,1522336,0
6514,0.041188374161720276,6.565361976623535,0.7476178407669067,172.5039015900121,0.026482023578448283,1622515,0
20834,0.02448970265686512,7.133197784423828,0.717312216758728,350.1236892475748,0.016805399311105636,1622054,0
5045,0.020320534706115723,6.806784629821777,0.7983418703079224,299.95582661122205,0.05945606077526701,1624653,0
12126,0.04177897050976753,6.560131549835205,0.6976556777954102,186.49053558752826,0.015379394325212622,1714170,0
18599,0.02822275087237358,7.646674633026123,0.7778233289718628,281.6241619240447,0.015141898054951594,1716546,0
1724,0.036955129355192184,5.634964466094971,0.7561272382736206,117.74835403271032,0.06829950929971597,1718419,0
17414,0.06811372190713882,5.4203362464904785,0.5550762414932251,59.79336281101278,0.0034336374647417466,1719671,0
3715,0.031822141259908676,6.19114875793457,0.7531688809394836,147.67129350654636,0.03975001171104882,1731146,0
13251,0.04310078173875809,7.498625755310059,0.7900086045265198,260.7391215714062,0.019676939217523674,1721726,0
7566,0.020015845075249672,7.318046569824219,0.8193598389625549,417.964422441756,0.055242456045698655,1729390,0
15604,0.052188627421855927,6.546463966369629,0.6780188679695129,137.9776180930352,0.008842451813191182,1539416,0
14315,0.07094119489192963,7.443167686462402,0.7778366208076477,138.7705647265091,0.009694066694132664,1543070,0
9581,0.034313540905714035,6.203738689422607,0.6767072081565857,180.74015301632573,0.018864435133736118,1925713,0
13753,0.011986000463366508,7.081561088562012,0.7431578636169434,402.60165098867344,0.02927373307559612,1602115,0
13562,0.016914959996938705,7.503115653991699,0.788554310798645,461.6327387487046,0.03403869184107835,1639476,0
7762,0.03276626393198967,6.33514404296875,0.7072845697402954,163.58596948068163,0.02107523440874538,1700730,0
8316,0.025775253772735596,6.61750602722168,0.7331655025482178,221.46394900401825,0.026631066498799694,1704327,0
9141,0.0217085350304842,7.177321434020996,0.786941647529602,374.3989779309518,0.040958207847166805,1708521,0
21581,0.04073116183280945,7.3838043212890625,0.7398921847343445,182.14755837290568,0.008440181565863755,1718881,0
10731,0.011380546726286411,7.767404556274414,0.8369243741035461,508.8692372637768,0.047420486186168745,1909549,0
17343,0.011547528207302094,7.617098331451416,0.7803648710250854,547.2642118717356,0.03155533713150756,1731549,0
20959,0.017409518361091614,7.814484119415283,0.7853497862815857,442.87245196885374,0.021130419007054427,1828201,0
14408,0.026025250554084778,7.015177249908447,0.7326143980026245,327.1825064579996,0.02270839161979453,1503793,0
6997,0.014190836809575558,7.217792987823486,0.8152716159820557,478.48156712317535,0.06838381693914182,1642421,0
11746,0.024083944037556648,7.157320022583008,0.7637515068054199,335.4710929504919,0.028560454022687882,1721036,0
15556,0.009517556987702847,8.305328369140625,0.8604594469070435,936.5597089163343,0.060205689696344454,1521439,0
15959,0.024879315868020058,6.973624229431152,0.7205811142921448,256.94289799935376,0.016100187856341486,1619708,0
12203,0.1581561118364334,5.781410217285156,0.6144267916679382,32.31017717396112,0.002647724098497183,1705955,0
21937,0.016948692500591278,7.609661102294922,0.7612759470939636,510.1130590175017,0.023253546930642372,1504486,0
12771,0.06673159450292587,6.691009521484375,0.707673966884613,122.34413768004808,0.009579840081438265,1503265,0
19149,0.020973067730665207,7.91679048538208,0.8029194474220276,538.8073519474397,0.028137623476288037,1503647,0
11487,0.028975673019886017,6.515512466430664,0.6969229578971863,173.84857515941974,0.01513437583001826,1503131,0
9339,0.04951777309179306,6.830068111419678,0.747112512588501,166.34316822050573,0.017811668082289938,1512086,0
16493,0.023720039054751396,7.595766544342041,0.7822065949440002,474.1849637949571,0.028750679912384475,1522244,0
9482,0.05736047774553299,6.3856201171875,0.6973370313644409,102.11060533815011,0.010768888983141755,1516291,0
15973,0.018095169216394424,7.155046463012695,0.7392604351043701,407.995838505753,0.025542843454939772,1519894,0
11771,0.037698760628700256,6.688822269439697,0.7135966420173645,189.53471349193825,0.01610183616446676,1522871,0
19458,0.08669479191303253,6.342766761779785,0.642239511013031,76.6762483131097,0.003940602750185512,1720012,0
7141,0.0503389872610569,5.579514980316162,0.6287763714790344,75.09841019564062,0.010516511720437001,1627052,0
7551,0.12569120526313782,5.949915885925293,0.666326105594635,42.87010946643905,0.0056774082196317105,1707913,0
3195,0.054492443799972534,6.0676164627075195,0.7519344091415405,119.37450772579909,0.037362913216212545,1537918,0
14453,0.029863812029361725,7.19998836517334,0.7516698837280273,263.41838935631955,0.018225862406166162,1532422,0
13888,0.08598992973566055,5.9938859939575195,0.6283702850341797,63.906250200871,0.004601544513311564,1611111,0
3763,0.032640453428030014,6.288033962249756,0.763762354850769,165.00743465002714,0.04384996934627349,1617723,0
4941,0.0558868944644928,5.167241096496582,0.6075302362442017,60.43778645899588,0.012231893636712381,1539095,0
2876,0.10010464489459991,5.574038505554199,0.6998907327651978,55.33048403862481,0.019238694032901533,1729639,0
17905,0.01481617707759142,7.117900848388672,0.7268478274345398,354.18852737102367,0.019781542997543908,1605998,0
9555,0.02213851362466812,6.815851211547852,0.7436972856521606,297.57512848830686,0.03114339387632725,1615403,0
3130,0.04232532158493996,6.615002155303955,0.8218631148338318,145.80012649912186,0.04658151006361721,1942033,0
5723,0.02488633245229721,6.738567352294922,0.778822660446167,226.83640898382535,0.039635926783824105,1537033,0
19148,0.02276487834751606,7.95242977142334,0.8065382242202759,410.24821170535415,0.021425120728292987,1538174,0
10649,0.053574588149785995,6.330898284912109,0.6827075481414795,132.24888104893898,0.012418901403788053,1540535,0
9468,0.09468621015548706,5.965238571166992,0.6515346765518188,70.06140486012896,0.007399810399253164,1538646,0
12938,0.03387563303112984,6.59473180770874,0.6965340971946716,123.36760851491728,0.009535292047837167,1539679,0
8756,0.022578176110982895,6.635908603668213,0.73102867603302,240.1652985062108,0.027428654466218685,1604743,0
4672,0.014878233894705772,6.4600958824157715,0.7645678520202637,257.1395717524851,0.05503843573469287,1543785,0
10361,0.07007799297571182,5.77195930480957,0.6242787837982178,57.5595294165073,0.005555402897066625,1543438,0
6930,0.17493964731693268,5.223925590515137,0.5907002091407776,26.73838620091044,0.003858352987144364,1607251,0
6974,0.09120166301727295,6.5602827072143555,0.7412796020507812,79.84233400308456,0.011448570978360275,1601929,0
24252,0.033522866666316986,6.314932823181152,0.6254728436470032,158.7294311145611,0.006545003756991633,1803624,0
11661,0.022071782499551773,7.0764923095703125,0.7557121515274048,318.19800438323864,0.027287368526133147,1821240,0
16214,0.03140649199485779,7.7298502922058105,0.7974154353141785,353.18680089347487,0.02178282970849111,1809969,0
16834,0.009327287785708904,8.039322853088379,0.8261425495147705,763.5674562760967,0.045358646565052674,1810255,0
22056,0.019586579874157906,7.320275783538818,0.7319295406341553,346.62164365603314,0.015715526099747603,1812585,0
14797,0.02916788123548031,7.394940376281738,0.7701314687728882,251.07271097692404,0.01696781178461337,1824852,0
17846,0.04148034751415253,6.783661842346191,0.692950427532196,176.98815443671268,0.009917525184170833,1814284,0
13493,0.012829705141484737,7.301468849182129,0.7677735090255737,409.12632964688174,0.030321376243006133,1814487,0
9644,0.031689826399087906,6.60019588470459,0.7194386720657349,166.28931401631746,0.017242774161791524,1817695,0
5129,0.041574105620384216,6.272372245788574,0.7342405915260315,167.17806401579014,0.03259467030918115,1817623,0
15287,0.03047533519566059,6.60939359664917,0.6859947443008423,139.57289575765358,0.009130169147488296,1818344,0
11348,0.056968122720718384,6.0110979080200195,0.6438072919845581,113.40297964571319,0.00999321286973151,1819576,0
15272,0.007354622706770897,7.577446937561035,0.786549985408783,825.6504730609538,0.05406302207051819,1824936,0
7234,0.020620496943593025,6.875123500823975,0.7736551761627197,250.99653078660984,0.03469678335452168,1827128,0
12721,0.05125999450683594,6.672118663787842,0.7059688568115234,135.09935260023096,0.010620183366105727,1829198,0
9078,0.03734159469604492,6.722354888916016,0.7376171946525574,235.69686660717952,0.025963523530202634,1811804,0
9651,0.0510370247066021,6.811346054077148,0.7423958778381348,127.69228511528902,0.013230990064790076,1814115,0
10783,0.02657068707048893,6.851161003112793,0.7378163933753967,225.89848828316894,0.020949502762048496,1813987,0
19601,0.012419342063367367,7.639211177825928,0.7729385495185852,761.06481415524,0.03882785644381613,1814861,0
12260,0.02084149792790413,6.925924301147461,0.7356971502304077,291.5153849349132,0.02377776386092277,1817375,0
8650,0.017307840287685394,6.834900856018066,0.7539618015289307,257.4468365836718,0.02976264006747651,1818612,0
12476,0.03514588624238968,7.503328800201416,0.7955552339553833,342.6278291541727,0.027462955206329968,1819240,0
8523,0.0292851310223341,6.745725154876709,0.745340883731842,218.08923009802564,0.025588317505341504,1823703,0
8797,0.1106371283531189,6.153442859649658,0.6775303483009338,55.7156073174569,0.006333478153627021,1925697,0
13457,0.016113800927996635,7.08572244644165,0.7452963590621948,364.605701695595,0.027094129575358176,1926474,0
15095,0.03968494385480881,6.764239311218262,0.7029885053634644,192.67335467365865,0.01276405131988464,1926325,0
7698,0.0629001259803772,6.242639541625977,0.6976017355918884,89.34585885135674,0.011606372934704694,1927734,0
12135,0.025788642466068268,6.71743631362915,0.714328408241272,245.75221899636205,0.020251521960969267,1811082,0
16134,0.028124498203396797,6.656105995178223,0.6869978904724121,203.23165376747036,0.012596482816875565,1813564,0
9411,0.04139340668916702,7.224236488342285,0.7895655632019043,213.9154209339673,0.022730360316009703,1924669,0
13335,0.014505469240248203,7.077165603637695,0.7451101541519165,354.9449451818687,0.026617543695678193,1820492,0
14837,0.04310527443885803,7.091395854949951,0.7383118271827698,237.61634830628321,0.016015120867175523,1826911,0
12710,0.011015458032488823,7.233989715576172,0.7654898762702942,444.6902386384403,0.034987430262662496,1823681,0
11187,0.029770808294415474,7.2709550857543945,0.7799355387687683,254.42907198022084,0.022743279876662272,1733302,0
11475,0.010550616309046745,8.647050857543945,0.9250234365463257,1348.4653424500123,0.1175133196034869,1730447,0
11706,0.03478574380278587,6.9317097663879395,0.7399461269378662,180.30255359896293,0.015402575909701259,1731335,0
7153,0.04632480815052986,6.660609245300293,0.7504668831825256,136.3828743212876,0.019066527935312123,1733191,0
1594,0.04688500612974167,6.582184791564941,0.8926204442977905,166.02695726205508,0.10415743868384886,1737169,0
3772,0.049838587641716,5.7517924308776855,0.6984262466430664,88.53085840256382,0.02347053510142201,1736285,0
15532,0.017167216166853905,7.612030506134033,0.7887576818466187,399.4450040023857,0.025717551120421435,1735167,0
17701,0.009911790490150452,7.647541046142578,0.7818470597267151,668.4835907818913,0.03776530087463371,1734758,0
12147,0.03500232845544815,6.37669563293457,0.6780229210853577,142.63779766360497,0.011742635849477646,1740750,0
10824,0.05190979316830635,6.718203544616699,0.7232023477554321,172.6966453169902,0.015954974622781802,1737717,0
13983,0.02045791782438755,7.077061653137207,0.7413952946662903,320.9971312578101,0.02295624195507474,1739128,0
19250,0.028855562210083008,7.009827613830566,0.7105562686920166,235.75363661673225,0.01224694216190817,1739039,0
16507,0.017090929672122,7.586099624633789,0.7811427712440491,543.2448376327474,0.03290996774900026,1737380,0
4530,0.061299558728933334,6.408061504364014,0.7611901164054871,104.47267329193055,0.023062400285194382,1720677,0
16646,0.06203164532780647,7.013147830963135,0.721522867679596,158.1997641755803,0.009503770525987042,1724765,0
16432,0.023171130567789078,6.313129901885986,0.6503697633743286,196.24958458284422,0.011943134407427228,1724775,0
12634,0.021216722205281258,7.34940242767334,0.7781965136528015,423.2994145216951,0.033504781899770075,1724969,0
21609,0.01803065650165081,6.964165687561035,0.6977517008781433,312.0729252042331,0.014441803193309876,1728623,0
11878,0.025868840515613556,6.622137069702148,0.7058008909225464,248.4829578155457,0.02091959570765665,1801242,0
15579,0.02333718165755272,7.252660751342773,0.7512845993041992,324.88932090126116,0.020854311631122738,1735482,0
14344,0.04461229220032692,6.293642044067383,0.6575681567192078,130.3565190228486,0.009087877790215323,1734965,0
11556,0.01344936341047287,7.396032333374023,0.790600061416626,456.35863793069376,0.03949105554955813,1737916,0
13560,0.024025892838835716,7.2342705726623535,0.7603113055229187,396.5108346602776,0.029241211995595696,1804340,0
11724,0.04376614838838577,6.595949649810791,0.7039889693260193,147.34140887041144,0.012567503315456452,1808134,0
5996,0.013954538851976395,7.571109771728516,0.8703578114509583,701.835734544912,0.11705065619494864,1740291,0
7113,0.04262707754969597,6.738629341125488,0.7597376108169556,201.07716833999726,0.0282689678532261,1741099,0
22873,0.02305949479341507,7.493310451507568,0.7465158104896545,363.7068827076596,0.01590114469932495,1805930,0
14286,0.04563038796186447,6.539717197418213,0.6835677623748779,136.9549088074252,0.009586651883482095,1800498,0
15222,0.057549722492694855,8.072760581970215,0.838249683380127,179.32382237629298,0.011780569069523912,1922266,0
5066,0.02754901722073555,5.619254112243652,0.6587399840354919,133.46510160888977,0.02634526285212984,1802588,0
12557,0.09219825267791748,6.209888935089111,0.6579643487930298,68.89700834239241,0.0054867411278484044,1803820,0
12409,0.05629318207502365,5.330039024353027,0.5654507875442505,59.91609417414152,0.004828438566696875,1805294,0
14359,0.021466994658112526,7.1395673751831055,0.7458701133728027,290.83033715990877,0.020254219455387475,1807131,0
7880,0.06988757103681564,6.605399131774902,0.7362169027328491,108.8554437361845,0.013814142606114783,1912267,0
1781,0.12131461501121521,5.272202014923096,0.7043755054473877,30.120820376489696,0.016912307903699998,1631879,0
10545,0.03794815391302109,5.7935285568237305,0.6254209876060486,102.1487235854946,0.009686934432005178,1729284,0
5915,0.01577356830239296,7.127178192138672,0.8206074833869934,359.51254381880227,0.060779804534032505,1631152,0
5502,0.8798922896385193,1.1171329021453857,0.12970511615276337,1.291221247762211,0.00023468216062562904,1631638,0
10777,0.04024918004870415,6.46919584274292,0.6967235207557678,187.79586473417785,0.017425616102271304,1631633,0
3315,0.028245622292160988,7.170047760009766,0.884512722492218,333.95537078192496,0.10074068500208898,1633573,0
8665,0.04762234911322594,6.164643287658691,0.6798954010009766,127.48388573605037,0.014712508451938876,1638237,0
7018,0.0494413822889328,6.178044319152832,0.6975927352905273,136.16373758641708,0.019402071471418793,1710045,0
9669,0.04433181509375572,6.505756378173828,0.7089443802833557,146.80109588621573,0.015182655485181067,1709223,0
17791,0.017965592443943024,8.0175199508667,0.8192472457885742,631.6403325791829,0.03550336308128733,1710992,0
13526,0.015713637694716454,6.446307182312012,0.6776763200759888,286.65220353462547,0.021192681024295834,1706360,0
12801,0.034544821828603745,6.966960906982422,0.7366771697998047,215.53264498858445,0.01683717248563272,1918303,0
7984,0.021411029621958733,7.08073091506958,0.7880442142486572,340.81621431004146,0.04268740159193906,1924985,0
15562,0.057457346469163895,7.034789562225342,0.7287983298301697,130.5986913394559,0.008392153408267312,1926483,0
8827,0.03937491029500961,6.879706382751465,0.7572123408317566,248.4456437284322,0.028146102155707738,1930437,0
11490,0.015485632233321667,8.073983192443848,0.8635984659194946,592.3834624587397,0.051556437115643144,1930665,0
6790,0.02819579467177391,6.6572723388671875,0.7545185089111328,242.71706479538202,0.03574625401993844,1930169,0
15383,0.026650406420230865,6.668665885925293,0.6916972994804382,181.46187032462782,0.011796260178419542,1930012,0
7301,0.04293330758810043,5.619516372680664,0.6317068338394165,81.1643722769571,0.011116884300363936,1920978,0
14132,0.006475797854363918,7.087838649749756,0.7417007684707642,633.057512128413,0.04479603114409942,1917152,0
12682,0.016289029270410538,6.800559997558594,0.7197929620742798,308.7300092023089,0.0243439527836547,1919873,0
3934,0.028624895960092545,6.78098726272583,0.8192158341407776,287.2077878238485,0.07300655511536566,1918858,0
9358,0.020556697621941566,6.903463840484619,0.7549731135368347,274.42276033062603,0.029324936987671087,1918734,0
10566,0.022425577044487,7.125178337097168,0.7690095901489258,340.3862344064075,0.03221524081075217,1919315,0
8997,0.032218944281339645,7.305981159210205,0.8024452924728394,277.6542899142717,0.030860763578334078,1924112,0
9474,0.010225074365735054,7.536396026611328,0.8230825662612915,821.8225879132034,0.08674504833367146,1925702,0
13418,0.019373420625925064,7.371126174926758,0.7755526900291443,371.1250979341352,0.02765874928708714,1924499,0
12355,0.04952596500515938,5.906253337860107,0.6268699169158936,86.68909046930258,0.00701651885627702,1924842,0
8938,0.029645586386322975,6.517135143280029,0.716320812702179,178.6896509488472,0.019992129217816873,1925703,0
11714,0.0199088454246521,7.867489337921143,0.8397775292396545,464.7229122367073,0.03967243573815155,1927741,0
12074,0.049332648515701294,7.325704097747803,0.7794288992881775,204.4403592237243,0.016932280869945693,1927202,0
11476,0.009586102329194546,7.779559135437012,0.8322153091430664,699.5264676282908,0.06095560017674197,1929023,0
10506,0.02436954528093338,7.491508483886719,0.8090442419052124,330.5334331533945,0.03146139664509752,1922820,0
12407,0.02594894729554653,6.804568767547607,0.7218923568725586,251.74046866402222,0.020290196555494657,1921184,0
8273,0.02003835141658783,6.860356330871582,0.7605081796646118,272.14159936206227,0.03289515282993621,1923931,0
9510,0.028569865971803665,6.922374725341797,0.7557095885276794,303.12569048958665,0.03187441540374202,1922265,0
19921,0.027172263711690903,7.382900238037109,0.7457829713821411,242.68220266485733,0.012182229941511838,1920973,0
13448,0.014591227285563946,7.280820369720459,0.7658711671829224,416.3880025051334,0.03096281993643169,1921550,0
10532,0.0368414930999279,6.7802348136901855,0.7320349812507629,208.497768498626,0.01979659784453342,1928016,0
8677,0.05760980024933815,7.2123212814331055,0.7953218817710876,156.87835541432784,0.01807979202654464,1928195,0
4710,0.06390228867530823,5.878044605255127,0.6950143575668335,74.68709253924693,0.015857132173937777,1908469,0
12651,0.01544141210615635,7.498377799987793,0.7938578724861145,499.5922151889753,0.03949033398063199,1834537,0
7173,0.03978122025728226,5.880483627319336,0.662359893321991,125.9932212490667,0.017564926983001074,1901022,0
9815,0.020552823320031166,7.091291427612305,0.771491289138794,335.4265014413687,0.03417488552637481,1840070,0
9969,0.028732286766171455,6.288292407989502,0.6829729080200195,208.8840292328981,0.020953358334125597,1840751,0
9397,0.011911909095942974,6.75040340423584,0.7378985285758972,386.2855876514305,0.04110733081317766,1902757,0
15128,0.01643448695540428,7.127216339111328,0.7405436635017395,405.5794651900629,0.026809853595324094,1901451,0
9934,0.033794526010751724,7.80642032623291,0.8481811881065369,307.43181786784425,0.030947434856839564,1900142,0
6000,0.055807165801525116,6.081323146820068,0.6990416646003723,98.4172032106388,0.016402867201773134,1842055,0
8218,0.01530720666050911,7.777472496032715,0.8628135919570923,532.6176934092802,0.0648111089570796,1906765,0
5950,0.01749986782670021,6.790008068084717,0.7812557220458984,317.6651100834478,0.0533890941316719,1902593,0
10288,0.020110005512833595,6.998147010803223,0.7574790716171265,286.4697662375568,0.027845039486543238,1907760,0
4219,0.044023849070072174,5.883240699768066,0.7048031687736511,108.45685293441782,0.02570676770192411,1907363,0
5700,0.0077357483096420765,6.544497013092041,0.7567448616027832,478.80086570531194,0.0840001518781249,1909612,0
10782,0.028043827041983604,7.031161785125732,0.7572086453437805,274.61713929627274,0.0254699628358628,1832345,0
9845,0.023233460262417793,7.378020763397217,0.8024193644523621,313.51517614796336,0.03184511692716743,1840758,0
11667,0.02284926548600197,7.156013488769531,0.7641623020172119,335.75715856129426,0.02877836278060292,1916184,0
17259,0.014931412413716316,7.699615955352783,0.7892113327980042,505.8833439438118,0.029311277822806174,1824854,0
11951,0.04191449657082558,7.230030059814453,0.7700885534286499,252.86614006524056,0.021158575856852192,1828094,0
12575,0.04351304844021797,6.717360496520996,0.7116250991821289,124.29683618588304,0.00988444025335054,1835488,0
8851,0.04828198626637459,6.1253204345703125,0.6739797592163086,97.69277025233177,0.011037483928633122,1836823,0
4310,0.06647560000419617,4.991812705993652,0.596486508846283,51.85055491502094,0.012030291163577945,1900969,0
11134,0.01425203774124384,7.020333766937256,0.7534359097480774,393.4900668883237,0.03534130293590118,1904992,0
9929,0.014070049859583378,6.6363701820373535,0.7210926413536072,352.17923082814326,0.0354697583672216,1904968,0
13210,0.016876785084605217,6.7665581703186035,0.7131152749061584,290.871699072075,0.022019053676917106,1904966,0
15485,0.02695634588599205,6.6434326171875,0.688607931137085,201.07155786279577,0.012984924627884777,1903865,0
5758,0.022825147956609726,6.902027130126953,0.7971531748771667,331.086754178046,0.057500304650581105,1907563,0
5207,0.03158099204301834,6.555561065673828,0.766037106513977,213.71896602822844,0.04104454888193364,1908358,0
7579,0.09484381228685379,5.376275539398193,0.6018351316452026,47.51284035714529,0.006269011790097017,1831798,0
11598,0.03908753767609596,6.988735675811768,0.7467724084854126,203.50241437671403,0.017546336814684777,1833662,0
12370,0.037894491106271744,6.831228256225586,0.7249503135681152,185.51332060574123,0.014997034810488377,1900676,0
6882,0.06663913279771805,6.4136199951171875,0.7257964611053467,83.5471526991363,0.012139952441025328,1923405,0
8940,0.015695028007030487,7.235944747924805,0.7953081727027893,406.546989427994,0.045475054745860624,1828193,0
4594,0.04907824471592903,5.699954986572266,0.6759502291679382,101.4575532853458,0.02208479610042355,1833533,0
10245,0.01688789576292038,7.369377136230469,0.7980228066444397,428.24087042339636,0.04179998735221048,1835853,0
11959,0.04992064833641052,6.226990222930908,0.6632049679756165,131.21710446158662,0.010972247216455107,1840582,0
7795,0.031586579978466034,6.81983757019043,0.7610374689102173,200.2479501587216,0.025689281611125287,1841202,0
13654,0.0054106214083731174,7.7600483894348145,0.8149781227111816,1198.8346780434479,0.08780098711318646,1912831,0
18044,0.12850598990917206,6.251219272613525,0.6378425359725952,41.94708396106312,0.002324710926682727,1925047,0
5810,0.08771209418773651,6.223808288574219,0.7180762887001038,82.981510226298,0.014282531880602065,1828773,0
11780,0.038488466292619705,6.555060386657715,0.69926917552948,188.4746747349947,0.01599954794015235,1834244,0
6727,0.028007537126541138,6.192464828491211,0.7025806903839111,162.77289570752288,0.024196951941061823,1907926,0
7924,0.022133242338895798,6.966486930847168,0.7759810090065002,320.4535609637884,0.04044088351385517,1919474,0
19492,0.04262809827923775,7.839924335479736,0.7936946153640747,267.0085290447189,0.013698364921235322,1826517,0
5119,0.01604894921183586,6.815463066101074,0.7979968190193176,278.7742883380201,0.054458739663610096,1830596,0
11088,0.026070281863212585,6.8317718505859375,0.7335249781608582,246.17541349759978,0.022201967306782085,1834955,0
14836,0.027701610699295998,7.194634914398193,0.7490656971931458,284.7336454577047,0.019192076399144293,1835181,0
5029,0.046036310493946075,6.216666221618652,0.7294008135795593,111.69521221003625,0.022210223147750296,1907186,0
12833,0.02954120747745037,6.618361473083496,0.6996320486068726,204.87045391624662,0.015964346132334342,1905283,0
4881,0.016636913642287254,7.143034934997559,0.8410392999649048,372.4227883207324,0.07630050979732277,1919861,0
6502,0.06510750949382782,6.579789161682129,0.7494180202484131,96.20539935243754,0.014796277968692331,1419270,0
1567,0.029975205659866333,6.6567888259887695,0.9048339128494263,263.8229081847519,0.1683617793138174,1441133,0
8024,0.020719831809401512,7.415520668029785,0.8248456120491028,489.7492585573074,0.06103555066766045,1924303,0
10752,0.018580909818410873,7.649633407592773,0.8240610957145691,543.8917385065113,0.050585169131929994,1709049,0
14093,0.018436919897794724,6.718513488769531,0.7032564282417297,348.75641172635983,0.024746782922469297,1518665,0
16229,0.02456379123032093,6.636574745178223,0.6845672130584717,214.630339576267,0.013225111810725677,1541805,0
13897,0.03613913804292679,6.7157087326049805,0.703994870185852,200.90508058436646,0.014456723075798119,1541211,0
11735,0.04622869938611984,6.818851470947266,0.7277066111564636,122.80242868741475,0.010464629628241563,1734035,0
12227,0.03802481293678284,7.374935626983643,0.7836171388626099,318.2944044825679,0.026032093275747764,1812586,0
9340,0.03268411010503769,6.689371109008789,0.7317136526107788,165.646782370636,0.01773520153861199,1842047,0
4510,0.015244039706885815,6.958889961242676,0.8270557522773743,396.14515053307525,0.08783706220245571,1911681,0
14056,0.019055703654885292,7.333523750305176,0.7678435444831848,403.7610791661645,0.02872517637778632,1911507,0
11967,0.04455900192260742,7.023731231689453,0.7480085492134094,195.7761663790095,0.016359669623047506,1926193,0
8048,0.022704942151904106,7.448483943939209,0.828236997127533,430.33088298357535,0.05347053715004664,1927107,0
3899,0.02884620428085327,6.631837844848633,0.80206298828125,237.75369791466,0.060978122060697616,1931323,0
6913,0.11798279732465744,5.122215270996094,0.5793601870536804,36.99683997203827,0.005351777805878529,1941711,0
10089,0.04110345616936684,6.689789772033691,0.7256366014480591,196.0724269212642,0.01943427762129688,1930666,0
10918,0.012831827625632286,7.595483779907227,0.8168795704841614,550.1529450923325,0.0503895351797337,1830985,0
6339,0.032967910170555115,6.66318416595459,0.7611173391342163,195.87647000823372,0.030900216123715685,1908196,0
12878,0.03601214662194252,6.284937381744385,0.6641396880149841,157.72947503411683,0.012247979114312536,1924111,0
8905,0.10371479392051697,5.951566219329834,0.6544232964515686,57.833654331634996,0.0064945148042262766,1705599,0
7373,0.03212892636656761,7.278180122375488,0.8172606825828552,230.86463231181273,0.03131217039357286,1609298,0
6038,0.05759207904338837,6.276676177978516,0.7209740877151489,117.19986770913036,0.019410378885248485,1516576,0
10246,0.023755915462970734,7.514087200164795,0.8136847019195557,500.20908736011506,0.048819938254939986,1322982,0
10293,0.021181587129831314,7.018221855163574,0.759611964225769,350.15662971799907,0.03401890893986195,1910562,0
12248,0.1091330423951149,5.94551944732666,0.6316205859184265,43.84434666791453,0.0035797147834678747,1815999,0
9806,0.03532414510846138,7.077698707580566,0.770089328289032,244.36356750994645,0.024919800888226235,1827963,0
12600,0.00949049647897482,7.401065349578857,0.7838906049728394,572.6637950592005,0.04544950754438099,1903145,0
14482,0.01971975527703762,6.734622478485107,0.7029392123222351,284.0791628497028,0.019616017321482035,2129111,0
