case_id,dfs.month,dfs.status,risk_score
1006066741,59.0,0,0.729286
1006839253,60.0,0,0.6957129
1006170153,2.0,1,0.74058104
1009915531,44.0,0,0.53744346
1009915494,45.0,0,0.70267195
1007667495,15.0,1,0.6218832
1009922544,61.6,0,0.72570914
1007096336,92.4,0,0.6139695
1007297908,21.0,1,0.46738973
1008302855,5.9333334,1,0.89001524
1006578001,30.0,0,0.97302103
1008758360,77.4,0,0.75774336
1004512128,7.366667,1,0.90428865
1002512367,41.0,0,0.83215934
1011907703,62.0,0,0.5590761
1007189467,38.266666,1,0.69976526
1007701946,22.0,0,0.86362654
3000355307,54.0,0,0.96405137
1011541819,24.966667,1,0.93389046
1006126017,36.533333,1,0.6961941
1005599017,13.0,0,0.79405946
1007509090,81.0,0,0.42069307
1005490909,2.9,1,0.8226628
1004289990,69.0,0,0.77202654
1005801544,63.0,0,0.7096498
1008385683,7.9666667,1,0.74211913
1006999308,44.0,0,0.65116286
1003349107,14.0,1,0.6810635
1006434142,64.0,0,0.67426234
1006731025,79.0,0,0.56647825
1003293739,9.0,1,0.9168914
1006508378,80.0,0,0.6177573
1006573697,78.0,0,0.90931016
1006757891,63.7,0,0.81093097
1007283159,106.0,0,0.84694374
1007524754,103.0,1,0.70353055
1007524793,69.1,1,0.6531289
1008315696,23.933332,0,0.77958876
1005603596,97.0,0,0.71138984
1007989490,65.1,0,0.8212646
3000252829,63.0,0,0.5338169
1008401026,76.066666,0,0.75756097
1007279102,79.96667,0,0.6890056
1005549500,27.0,0,0.59831727
1002797201,8.9,1,0.8686528
1003066608,47.0,0,0.8133574
1005402332,90.2,0,0.82199246
1008707900,41.0,0,0.7272211
1007559630,68.73333,1,0.9190715
1005455664,17.133333,0,0.64613944
1007501363,52.733334,1,0.8412967
1007978365,29.166666,1,0.66697747
3000212737,71.0,0,0.8210174
1007558207,30.066668,1,0.73412603
1007443617,17.533333,1,0.84907156
1006645482,58.0,0,0.40923023
1007564831,101.0,0,0.8693513
1007914047,92.0,0,0.762159
1008308318,71.0,0,0.5616805
1005700278,100.0,0,0.7802095
1008468925,66.0,0,0.69368064
1007980671,60.0,0,0.6577604
1007994966,71.0,0,0.62639326
1000044195,64.0,0,0.6742408
6000019940,67.0,0,0.5021608
1008625092,8.433333,0,0.82504165
1005892111,9.733334,1,0.8166179
1007501307,12.4,1,0.8615692
1007040307,109.0,0,0.5940825
1004445460,59.0,0,0.49280846
1008312439,71.0,0,0.6795559
6000086797,64.0,0,0.462098
1007427304,70.0,0,0.41767624
1006471708,67.0,0,0.7826547
1002060266,91.0,0,0.48184302
1006615229,39.166668,1,0.9462964
1003616647,12.0,1,0.91897696
6900018019,28.0,1,0.83794886
6900024572,24.0,1,0.42242914
1005314843,43.6,1,0.6344951
3000118512,78.0,0,0.53674906
1011938709,41.0,1,0.67562
1011461720,100.46667,0,0.7347631
1005584962,25.466667,0,0.49079394
1011568474,50.0,0,0.8549241
1008626137,7.9666667,1,0.80992407
1007332062,91.0,0,0.7848798
1005589795,4.766667,1,1.0122116
1011462846,67.0,0,0.6763576
1008409700,48.666668,0,0.5773507
1005847699,130.0,0,0.86999476
1004980526,72.0,0,0.6812783
1004327362,34.066666,1,0.7876004
1005557578,60.4,0,0.8595787
1011404789,69.0,0,0.8112942
1005405200,85.53333,0,0.70299494
1007512811,79.76667,0,0.79580694
1006653026,58.0,0,0.81382954
1005323870,11.233334,1,0.9945829
1003684496,39.0,1,0.5394594
1006142623,24.333334,0,0.9132172
1008488687,42.3,0,0.52546316
1009924548,60.0,0,0.73222446
1008344598,55.0,0,0.7909708
1008451822,82.0,0,0.6396043
1008388511,46.0,1,0.87314767
1008709533,68.36667,0,0.969576
1011405898,60.0,0,0.6711795
1006614031,64.0,1,0.7430182
1008465140,82.0,0,0.68396425
1007980605,40.0,1,0.62165856
1004690487,75.0,1,0.5379248
1006413233,82.0,0,0.7804939
3000020090,102.0,0,0.71202743
1007375566,19.0,1,0.54570705
1009936384,58.0,0,0.7642275
1007178740,106.0,0,0.718538
1006132787,119.0,0,0.6555576
1007978689,60.833332,0,0.94807345
1011818108,64.0,1,0.7270614
1003778621,9.0,1,0.8801013
1004849925,13.3,1,0.67526126
1005349848,52.0,1,0.81925964
1000965513,49.233334,1,0.57811654
1007304802,26.7,1,0.64533544
1011811623,67.0,0,0.46438873
1006436729,62.833332,0,0.7312303
6000002675,58.0,0,0.6359535
1006576337,71.0,0,0.6840676
7301144861,6.0,1,0.69919693
3000254333,13.0,1,0.770218
1006140123,48.0,0,0.5620578
1011532127,63.0,1,0.60155016
1006819447,32.4,0,0.8277702
1011551380,70.0,0,0.525987
1007550331,77.0,0,0.81991327
1011919400,52.0,0,0.60349625
1009900810,46.0,1,0.94548875
1008315791,7.266667,1,0.8653754
1011808727,37.0,0,0.73127294
1008460316,78.166664,0,0.809228
1006546658,87.96667,0,0.68625885
1009910016,61.0,0,0.83453465
1007312333,5.0,1,0.76121944
1007134776,40.866665,0,0.48438284
1009932155,59.0,0,0.5266653
1005424611,40.0,1,0.7603257
3000051562,60.0,0,0.7532478
1007566089,76.0,0,0.77029395
1006545490,90.0,0,0.979463
1008427429,60.0,0,0.8568641
1007968668,61.0,0,0.9106419
1011917976,58.0,0,0.76185507
1011939752,22.233334,1,0.8153204
1009925407,59.0,0,0.90794927
1011426382,1.0,0,0.77090544
1006678561,44.866665,1,0.83803934
1004529326,38.0,0,0.6091143
1005634396,73.73333,0,0.75987434
1007983732,36.2,1,0.8152996
1011816277,41.6,0,0.7520439
6900018722,69.73333,1,0.79317635
1008716987,63.0,0,0.7732931
1007327842,87.7,0,0.93022466
1011547359,71.566666,0,0.7410771
1007168095,56.0,1,0.56335664
6100007707,42.0,1,0.7769363
3000350098,55.0,0,0.6486031
1003751767,5.0,1,0.8950702
1000657792,9.0,1,0.69691664
1005507723,32.9,1,0.8132319
1005338044,4.8,1,0.80870557
1007928748,92.933334,0,0.6248948
1011838366,13.3,1,0.95918053
1007523252,64.0,1,0.6051966
1008479224,80.0,0,0.7537345
1005656817,3.4666667,1,0.70340914
1006958315,16.2,1,0.60937876
1001815817,87.666664,0,0.9586515
1008746210,22.0,1,0.70316267
1008648473,80.0,0,0.7800322
1011559969,68.0,0,0.85414475
1011060605,61.0,0,0.7145403
1005800690,1.4666667,1,0.8370218
1005304472,8.833333,1,0.59526616
1005405935,88.0,0,0.7281771
1003998076,4.0,1,0.8182957
1007192130,73.0,0,0.5935326
1007427708,76.0,1,0.6825519
1011820587,63.0,0,0.84224755
1007521035,47.0,1,0.8210531
1007289793,107.7,0,0.68938005
1008427960,72.0,0,0.7458375
1011467279,67.0,0,0.88421804
1007076896,26.0,1,0.98938036
1005353065,58.0,0,0.803066
1006519061,65.0,0,0.7716884
1011471928,61.0,0,0.35879847
1005315776,15.233334,1,0.7424174
1006398797,84.0,0,0.90654755
1007463615,109.0,0,0.6747123
1007986794,73.0,0,0.8226312
1011727120,60.0,0,0.7684149
1002243486,75.0,0,0.77423316
1006501655,11.766666,1,0.7943578
1006159192,117.46667,0,0.71107656
1008732617,76.0,0,0.82789296
1007260407,15.033334,1,0.7815178
1009803254,61.0,0,0.56727004
1005413866,19.433332,0,0.9227372
1006630704,64.0,0,0.8360134
1005713585,48.0,1,0.8303401
1006163756,118.36667,0,0.72604096
1005002440,49.0,1,0.94210654
1006516673,18.466667,1,0.78126955
1006999302,6.1,1,0.8191076
1004566853,2.0,1,0.996084
1009903416,63.0,0,0.4872627
1006161884,116.0,0,0.6530957
1008714309,52.0,0,0.70388395
1011475183,62.0,0,0.9160446
1003890811,34.0,0,0.6680805
1006141834,32.033333,0,0.8082687
1006516660,78.0,0,0.8986858
1008711305,77.4,0,0.75227255
1007496576,91.0,0,0.55124086
1011802407,61.0,0,0.76248515
1011599087,34.0,1,0.7654548
1008647503,41.333332,1,0.6264499
1006065919,5.233333,1,0.63826746
1006173257,111.433334,1,0.7794692
1007825104,61.0,0,0.8104243
1007830080,5.5333333,1,0.72451276
1006491101,87.0,0,0.8263049
1009933032,54.0,0,0.8383625
1004123234,52.0,0,0.8114033
1007884792,55.0,0,0.86998785
1005713690,119.933334,0,0.78004134
1011921511,25.2,1,0.76491
1007133309,21.7,1,0.7438389
1011804735,61.0,0,0.5656191
1005323545,70.7,0,0.9733544
1007750145,104.0,0,0.56876737
1006734385,57.0,1,0.6894212
1005495395,113.0,0,0.8045341
1007665729,89.0,1,0.8083331
1007815584,82.0,0,0.67877513
1005390917,2.5666666,1,0.8817203
1006947798,56.0,1,0.74304444
1006680634,28.0,0,0.92344457
1008652489,11.0,1,0.8879565
1011474330,62.0,0,0.4813231
1011524121,69.0,0,0.78798205
1005389078,19.0,0,0.6690525
1005834319,32.666668,1,0.8938019
1006594648,83.0,0,0.77078795
1011925443,2.3333333,1,0.7555402
1006236444,98.0,0,0.63894016
1011044448,61.0,0,0.7006715
1007155125,33.666668,0,0.702297
1007927787,99.0,1,0.8525355
1006208537,116.0,1,0.71937186
1007976031,18.2,1,0.910862
1007717217,42.666668,0,0.7179946
1004550605,54.0,0,0.6893244
1002245802,78.0,0,0.82991236
1005399452,88.0,0,0.6171248
1006737328,1.0,1,0.53215176
1007995103,52.4,1,0.71472037
1007718470,52.833332,1,0.9522611
1011473295,104.73333,0,0.9354377
1008793822,46.733334,1,0.7809611
1005063403,60.0,0,0.7457144
1007276858,47.366665,1,0.5254607
1005310223,84.0,1,0.771067
1011565951,65.0,0,0.61503416
1009933935,59.0,0,0.6550515
1005906182,5.3333335,0,0.75512797
1011559095,57.0,0,0.66259015
1008859967,89.63333,0,0.78890985
1007844121,12.133333,1,0.9309661
3000050096,86.0,0,0.46351877
3000295513,48.0,0,0.814582
1008310044,74.0,0,0.7613182
1005516425,61.0,0,0.7081055
1007982308,73.0,1,0.55192786
1006635407,41.0,0,0.66310596
1007708818,24.7,0,0.7880055
1011529306,60.0,0,0.55269116
1005116405,125.0,0,0.7016654
1004471758,121.5,0,0.89306337
1008808091,91.0,0,0.45089555
1011428000,67.0,0,0.81217694
1008761989,21.0,0,0.49149638
1008747237,48.0,0,0.5543265
1007221213,51.0,1,0.50569373
1006490173,23.866667,1,0.78936654
1009917713,61.0,0,0.80769193
1005308534,86.1,1,0.79833966
1007980615,63.0,0,0.8404324
1009936213,58.0,0,0.7061605
1004955746,59.233334,1,1.0139252
1008478345,80.0,0,0.8024951
6300007053,58.0,0,0.594762
1006718517,71.0,0,0.5380821
1007569360,97.0,0,0.56593555
1005594781,21.0,1,0.6850683
1011566424,65.0,0,0.6969827
1011932140,68.0,1,0.7521486
1007140944,110.76667,0,0.9298209
1007563951,41.433334,1,0.7464178
1011230758,3.0,1,0.8919289
1007462068,9.0,1,0.86169916
1009852735,52.0,0,0.87534577
6990025836,59.0,0,0.77360994
1005512125,42.666668,1,0.6658059
1006582887,10.6,1,0.70649034
1005407135,48.766666,1,0.7920502
1011905592,61.0,0,0.3748949
1007192901,5.8,1,0.78325874
1008425496,68.13333,0,0.93846
1011550659,27.5,1,0.6338191
1006063922,19.0,1,0.72728014
1008472209,60.0,0,0.4135615
1011435847,66.0,0,0.73360574
1006471014,66.0,0,0.6071017
1004683202,23.0,1,0.770109
1007198098,105.0,0,0.7015377
1005631628,63.0,0,0.748535
1008847253,88.0,0,0.56833214
3000248407,4.4333334,1,0.78152347
1009934080,59.0,0,0.5764244
1005559373,41.633335,1,0.66225237
3000079441,10.466666,1,0.8109801
1008722957,30.266666,1,0.66542023
1004884218,6.7,1,0.8520403
1007956723,78.333336,0,0.7446875
1004884397,4.5,0,0.77368844
1005694353,58.0,0,0.67989755
1009926235,52.0,0,0.9079464
1008618726,82.73333,0,0.90099186
1007197293,5.766667,1,0.9279268
1006378078,83.0,0,0.70900756
1007413499,6.633333,1,0.60948545
1008494693,80.0,0,0.72706914
1008414277,74.0,0,0.6365551
6900021532,52.0,0,0.5711423
1011907709,46.0,0,0.7511941
1011407320,59.0,0,0.80098355
1009924269,59.0,0,0.729546
1007138899,42.7,1,0.593077
1008692982,76.0,0,0.6853052
1007678316,19.633333,1,0.74672633
1005698214,34.233334,1,0.90116847
1006909280,67.0,0,0.7458662
1005644733,11.466666,1,0.6780549
1002151641,60.0,0,0.47345963
1008479959,81.433334,0,0.82660455
1007299261,99.0,0,0.71275395
1005624132,89.0,1,0.6017236
1009903992,21.0,1,0.4782798
1005672298,36.0,1,0.5899448
3000042778,30.0,1,0.8386871
1006784352,100.566666,0,0.4371027
1008468037,4.633333,1,0.7730996
1005817703,35.0,0,0.6992381
1003371416,65.0,0,0.72537076
1006379657,84.46667,0,0.7660515
1007235690,97.86667,0,0.7019642
1008640869,16.866667,1,0.70632225
1004129309,1.0,1,0.8883681
1011548779,71.0,0,0.8346744
1008644421,77.0,0,0.85178626
1007511810,45.033333,1,0.79239553
1008313719,18.933332,1,0.81713235
1005712870,28.666666,1,0.910556
1007980136,72.6,1,0.94690573
1011555314,68.0,0,0.6915684
3000212812,71.0,0,0.48833638
1007258211,85.0,0,0.40615705
1011080089,57.0,0,0.4885046
1008428586,17.0,0,0.8238287
1007466516,109.0,0,0.89997774
1007103761,72.0,1,0.9803564
1007253479,72.73333,0,0.7887817
1005647827,72.76667,1,0.71922815
1007511872,67.0,0,0.55516124
1007171553,8.166667,1,0.6326208
1011118952,59.0,0,0.477738
1009909525,10.733334,0,0.9371518
1007936665,1.0,1,0.6918768
1006586621,8.033334,1,0.82400066
1005154993,64.0,0,0.76845133
1007338165,58.0,0,0.79618084
1011557345,35.0,0,0.8114489
1008495896,37.0,1,0.51921475
1006541384,67.6,0,0.70287114
1011530366,11.666667,1,0.89447194
1006634948,62.733334,0,0.7410772
1007998389,6.0,1,0.63548535
1005598437,33.233334,1,0.8656155
1005978255,69.0,0,0.6746172
1005385953,1.4,1,0.8681222
1011569961,64.0,0,0.7099233
1007122715,26.0,0,0.6859054
1004812181,86.0,0,0.621113
1006555404,84.0,0,0.59807426
6900031494,67.0,0,0.7751829
1003772964,13.0,0,0.7352245
1007955938,77.0,0,0.58159065
3000285893,15.0,0,0.8499723
1006065645,36.366665,1,0.65852135
1007199484,27.3,1,0.7067263
1007487149,87.0,0,0.8871964
1005714043,107.36667,1,0.7353289
1008624740,72.0,0,0.6314649
3000049996,85.433334,0,0.80799466
1005103565,23.333334,1,0.7405941
1007321529,56.0,0,0.7151739
1006743677,72.0,0,0.6946169
1000786080,42.0,0,0.577038
1005624389,96.933334,0,0.7605731
1007122323,100.7,0,0.6385689
1011428661,67.0,0,0.8587486
6900021211,109.0,0,0.6524915
1009928762,60.0,0,0.8510441
1006514018,79.0,0,0.73221
1006593174,66.0,1,0.7773463
1009928684,9.566667,1,0.74475074
1008392102,59.0,0,0.8118697
1011926034,65.0,0,0.39492032
1007467248,54.0,1,0.87102926
1008659357,80.73333,0,0.8984527
1004117837,68.0,0,0.66485953
1005514228,28.633333,1,0.8512315
1008629675,33.0,1,0.7277734
1005047270,5.3333335,1,0.86739355
1004037677,87.0,1,0.93864805
1004907689,58.466667,0,0.6309588
1004960146,77.0,0,0.74840945
1004680686,1.0,1,0.7272243
1007613429,49.3,0,0.7492161
1011574423,61.0,0,0.73422366
1007664589,84.0,0,0.8654839
1005558374,6.3,1,0.5651922
1004502486,61.0,0,0.8878942
3000084202,70.96667,0,0.8458398
1007214268,83.0,0,0.63740015
1006511322,61.0,0,0.7744114
1008324749,4.8,0,0.8238677
1006496098,26.433332,1,0.808625
1011939300,58.0,0,0.54527766
1007694413,6.0,1,0.50497603
1007827684,1.4333333,1,0.8716155
3000284883,59.0,0,0.76437676
3000201731,18.0,0,0.85132563
1004441032,16.0,1,0.74176115
1006578336,3.5333333,1,0.77994704
1007531520,58.433334,0,0.70148855
1009931668,60.533333,0,0.8778946
1006645696,58.0,0,0.5595239
1008707625,12.166667,1,0.6527476
1004203271,40.0,1,0.86397237
1007055159,15.833333,0,0.83792573
1004990534,130.0,0,0.7600347
1009853534,57.0,0,0.5738854
1008725806,63.0,0,0.6519548
1005113304,73.2,0,0.82301295
1008819119,46.0,0,0.5353994
1005356940,18.566668,1,0.5957149
1006754359,44.0,1,0.7897683
1003417239,97.96667,0,0.69866014
1007139696,15.0,1,0.5840734
1008680110,21.6,1,0.7908218
1008857824,43.133335,1,0.8196148
1004543842,49.966667,0,0.7149672
1006594059,24.433332,1,0.8562945
1006572738,9.7,1,0.9398438
1005490424,24.633333,1,0.7721599
1008456039,64.13333,0,0.64927983
1011556085,68.0,0,0.72864825
1007954314,5.0666666,1,0.7810716
1007728471,71.63333,1,0.87723035
3000037132,69.0,1,0.6512353
1008694253,62.0,0,0.7292809
1011477361,64.0,0,0.71746683
1002684511,59.0,0,0.567772
1008478464,53.0,0,0.82992357
1005315708,72.63333,1,0.829773
1008362162,30.0,0,0.5376595
1005733399,123.7,0,0.78180325
1011566160,65.0,0,0.88607955
1011406901,16.0,0,0.7955172
1006467872,14.0,0,0.6569132
1007704302,91.0,1,0.8575501
1005394162,10.8,1,0.73627865
1008628954,42.5,1,0.7393146
1007914512,10.833333,1,0.8595087
1003378324,16.0,0,0.81584036
1005306431,2.8,1,0.8153874
3000232994,65.0,0,0.8839731
1007993374,26.766666,0,0.94215804
1008488201,66.0,0,0.7687888
1007433110,70.9,1,0.9082713
1005811804,20.0,1,0.7738302
1007697009,6.0,1,0.53641415
1008711127,79.0,0,0.57029086
1006579825,7.0333333,1,0.9053801
1006163220,41.1,0,0.70966655
