fold,temperature,train_cindex,val_cindex,gap,t1_consistency_checked
0,0.5,0.8712834257931809,0.7856005097164702,0.08568291607671064,False
0,1.0,0.8784724386544495,0.7776361898693852,0.10083624878506425,True
0,1.5,0.8682499116956512,0.7559732398853138,0.1122766718103374,True
0,2.0,0.8578403872924848,0.7460974832749283,0.11174290401755649,True
0,4.0,0.8371252259552453,0.7244345332908569,0.11269069266438836,True
1,0.5,0.809082674571805,0.7543628580836351,0.054719816488169926,False
1,1.0,0.8077651515151515,0.760289759631215,0.04747539188393646,True
1,1.5,0.8020627470355731,0.752057951926243,0.05000479510933009,True
1,2.0,0.7978837285902504,0.7533750411590385,0.044508687431211835,True
1,4.0,0.7888463438735178,0.7517286796180441,0.03711766425547369,True
2,0.5,0.8732824114840374,0.7416949152542373,0.13158749622980015,False
2,1.0,0.8803063502139946,0.7342372881355932,0.14606906207840142,True
2,1.5,0.8699240267851658,0.7183050847457627,0.15161894203940307,True
2,2.0,0.8616099768599103,0.7061016949152542,0.15550828194465605,True
2,4.0,0.844285626523048,0.6928813559322033,0.1514042705908446,True
3,0.5,0.8370379517576356,0.7428760768721008,0.09416187488553485,False
3,1.0,0.8479048324689223,0.7349237905897945,0.11298104187912783,True
3,1.5,0.8394047913064955,0.7309476474486415,0.10845714385785399,True
3,2.0,0.8313163744134354,0.7342611000662691,0.09705527434716632,True
3,4.0,0.8152218654811888,0.7249834327369119,0.0902384327442769,True
4,0.5,0.8804160512063023,0.6884033613445378,0.19201268986176445,False
4,1.0,0.884478089611029,0.680672268907563,0.20380582070346598,True
4,1.5,0.8756975217462662,0.6836974789915966,0.19200004275466964,True
4,2.0,0.8670810766453307,0.6833613445378152,0.18371973210751558,True
4,4.0,0.8455604792384703,0.68,0.16556047923847028,True
