case_id,dfs.month,dfs.status,risk_score,split
1801006,64.0,0,-0.9677577018737793,train
1834947,42.0,0,-1.9413760900497437,train
1532089,30.0,0,-1.6497423648834229,train
1514733,41.0,0,-0.08413398265838623,train
1642464,91.0,0,0.564046323299408,train
1725319,75.0,0,-2.454627513885498,train
1518627,78.0,0,-1.2102810144424438,train
1612520,98.69999694824219,0,-0.8296957015991211,train
1717953,8.899999618530273,1,1.5410093069076538,train
1116738,88.0,0,-1.1921799182891846,train
1804142,74.73332977294922,0,-2.1388862133026123,train
1839446,65.0,0,-2.8687326908111572,train
1328255,16.0,0,0.9359416365623474,train
1117123,39.0,1,1.4530445337295532,train
1117569,13.0,0,0.7399848699569702,train
1130628,17.0,0,1.804469108581543,train
1629282,42.0,1,0.7626636028289795,train
1727773,11.666666984558105,1,1.8353960514068604,train
1206967,20.0,1,1.8520358800888062,train
1206350,40.0,1,0.952836275100708,train
1833085,69.0,0,-2.3556973934173584,train
1628357,34.06666564941406,1,1.5339994430541992,train
1832119,26.96666717529297,1,1.3620620965957642,train
1409791,125.13333129882812,0,-0.5813452005386353,train
1412320,123.0,0,-1.2784868478775024,train
1740285,59.0,0,-1.715044617652893,train
1325814,121.5,0,-0.07526227086782455,train
1906415,61.0,0,-2.030823230743408,train
1537907,38.56666564941406,0,-0.6362966299057007,train
1302740,38.0,0,-0.8594385385513306,train
1623488,7.4666666984558105,0,-0.5719769597053528,train
1920751,54.0,0,-1.8928278684616089,train
1316839,1.0,1,0.6936589479446411,train
1326100,23.0,1,1.3652423620224,train
1420404,122.43333435058594,0,0.1617308259010315,train
1317527,100.86666870117188,1,0.9347147941589355,train
1301976,13.300000190734863,1,1.9525657892227173,train
1309254,4.5,0,1.104709267616272,train
1318125,58.46666717529297,0,-0.44328054785728455,train
1725136,77.0,0,-1.82135808467865,train
1318827,20.566667556762695,1,1.2237067222595215,train
1338051,72.0,0,0.06160377711057663,train
1424381,80.0,1,0.03275925666093826,train
1302283,55.96666717529297,1,0.5915866494178772,train
1923943,60.0,0,-2.8473830223083496,train
1405177,125.0,0,-2.2832374572753906,train
1407478,110.0,0,0.5503621697425842,train
1325714,4.166666507720947,1,0.2637922465801239,train
1334054,18.633333206176758,0,-0.07582046836614609,train
1735983,80.0,0,-0.1182195320725441,train
1304936,3.866666555404663,1,0.2100132405757904,train
1607001,8.833333015441895,1,1.6184736490249634,train
1611939,72.63333129882812,1,1.4660520553588867,train
1613163,41.0,0,-0.9960956573486328,train
1517876,52.0,1,-0.15736337006092072,train
1640803,91.0,0,-1.8612884283065796,train
1641792,19.0,0,-1.385148048400879,train
1702464,10.800000190734863,1,0.7097182869911194,train
1701711,3.700000047683716,1,1.0095455646514893,train
1705772,85.53333282470703,0,-1.5352559089660645,train
1705914,88.0,0,-0.962487518787384,train
1411733,40.0,1,-1.4971026182174683,train
1412086,79.0,0,1.313307523727417,train
1317792,17.133333206176758,0,0.6311106085777283,train
1802515,78.0,0,-2.3717455863952637,train
1321201,130.0,0,-1.3538029193878174,train
1513216,24.0,0,0.4477161765098572,train
1502189,52.66666793823242,1,1.3869909048080444,train
1503553,113.0,0,-0.6519026756286621,train
1518792,32.900001525878906,1,1.708652377128601,train
1528409,28.633333206176758,1,1.5419631004333496,train
1918330,61.0,0,-0.07708011567592621,train
1328060,27.0,0,0.6230208873748779,train
1436278,6.300000190734863,1,1.9310039281845093,train
1434920,41.63333511352539,1,0.5857072472572327,train
1439413,22.46666717529297,1,1.03830087184906,train
1440284,90.56666564941406,1,0.005130395293235779,train
1503898,25.46666717529297,0,-0.17272306978702545,train
1621482,21.0,1,0.011435853317379951,train
1618337,33.233333587646484,1,0.772510290145874,train
1618478,13.0,0,-2.2074337005615234,train
1622235,17.0,0,-1.313129186630249,train
1624930,89.0,1,-0.9723871350288391,train
1429813,63.0,0,-0.2810555398464203,train
1431102,73.73332977294922,0,0.19163551926612854,train
1437126,116.0,0,-0.32139283418655396,train
1435051,36.0,1,1.4281089305877686,train
1436722,72.76667022705078,1,1.0141575336456299,train
1917738,61.0,0,-0.8521408438682556,train
1707583,25.0,0,-2.403416872024536,train
1438901,3.4666666984558105,1,0.2654817998409271,train
1420565,120.0,0,-1.995924711227417,train
1330466,36.0,1,0.7431329488754272,train
1331599,48.0,0,-3.405846655368805e-05,train
1413719,39.099998474121094,1,-0.056465767323970795,train
1410840,48.0,1,0.37790077924728394,train
1415574,123.69999694824219,0,0.24187523126602173,train
1544448,4.0,1,3.1196112632751465,train
1428071,1.4666666984558105,1,1.5867855548858643,train
1428940,63.0,0,-1.2662779092788696,train
1432137,4.0,1,0.30967578291893005,train
1328201,20.0,1,0.08329364657402039,train
1328129,35.0,0,-0.6265188455581665,train
1326471,11.0,1,1.8837330341339111,train
1328197,130.0,0,-0.325553297996521,train
1731145,9.733333587646484,1,2.677795886993408,train
1601451,5.0,0,-1.4204853773117065,train
1416489,53.0,0,0.2650057077407837,train
1941365,53.0,0,-2.729835271835327,train
1404425,66.0,0,-0.010866113007068634,train
1327351,42.0,0,0.10391058027744293,train
1819647,62.0,0,-1.6744954586029053,train
1505082,19.0,1,-0.1291610151529312,train
1629944,36.36666488647461,1,1.0987141132354736,train
1925866,59.0,0,-3.128256320953369,train
1514925,29.200000762939453,1,1.1324634552001953,train
1426932,119.0,0,-0.8530951738357544,train
1437027,117.46666717529297,0,-0.5534285306930542,train
1436006,116.0,0,-1.726969838142395,train
1434064,118.36666870117188,0,0.06719799339771271,train
1616383,98.0,0,-2.82029390335083,train
1723298,84.0,0,0.4554007649421692,train
1729395,83.23332977294922,0,-0.5106242299079895,train
1729836,82.0,0,-1.8184938430786133,train
1640855,64.0,0,-0.890169084072113,train
1639521,62.83333206176758,0,-0.48952972888946533,train
1812325,39.06666564941406,1,0.654911994934082,train
1809921,14.0,0,-0.04596100002527237,train
1824307,22.0,1,-1.8368680477142334,train
1832551,66.0,0,-2.402371883392334,train
1833112,67.0,0,-1.5205225944519043,train
1635994,67.0,0,-0.6275478601455688,train
1808019,10.033333778381348,1,0.256397545337677,train
1714198,79.9000015258789,1,0.24852344393730164,train
1715442,87.23332977294922,0,-0.8630871176719666,train
1709370,31.0,1,-0.25872376561164856,train
1709516,87.0,0,-2.271547555923462,train
1717129,26.433332443237305,1,0.9784889221191406,train
1737719,74.0,0,-2.13792085647583,train
1732959,79.0,0,-1.219312071800232,train
1919248,61.0,0,-0.8903800249099731,train
1802590,78.0,0,-0.7652344107627869,train
1837198,65.0,0,-2.3298113346099854,train
1842045,67.5999984741211,0,0.7376657724380493,train
1628522,78.0,0,-2.027568817138672,train
1627584,74.4000015258789,1,0.126652330160141,train
1627770,71.0,0,-1.227035403251648,train
1627515,82.30000305175781,0,-1.2574089765548706,train
1639538,33.0,0,0.6302521824836731,train
1633007,7.0333333015441895,1,1.6580510139465332,train
1637625,10.600000381469727,1,-0.07277099043130875,train
1632515,8.033333778381348,1,1.6763153076171875,train
1637859,83.0,0,-2.2701597213745117,train
1701654,90.0,0,-1.1025166511535645,train
1641941,77.43333435058594,1,0.030368434265255928,train
1701407,62.20000076293945,0,-1.5470157861709595,train
1702123,42.0,0,-0.8498188853263855,train
1706275,64.0,1,0.22703050076961517,train
1707353,39.16666793823242,1,0.3635791540145874,train
1904645,64.0,0,-0.6842959523200989,train
1903106,62.733333587646484,0,0.7332903742790222,train
1901876,41.0,0,-0.02986336685717106,train
1930003,58.0,0,0.7300509810447693,train
1928673,58.0,0,-1.916714072227478,train
1623763,97.4000015258789,0,0.7896851897239685,train
1701044,63.06666564941406,0,0.811369001865387,train
1641093,28.0,0,-1.6711400747299194,train
1734705,71.0,0,-2.8752758502960205,train
1805825,57.0,1,0.9782439470291138,train
1814670,1.0,1,0.8289366364479065,train
1830473,44.0,1,0.1633041799068451,train
1840236,63.70000076293945,0,0.5183786749839783,train
1612521,100.56666564941406,0,0.6583808660507202,train
1728790,32.400001525878906,0,0.21105194091796875,train
1841195,60.0,0,-2.512810230255127,train
1732426,10.266666412353516,1,0.8993111848831177,train
1841143,67.0,0,-3.0037460327148438,train
1909993,56.0,1,0.6985072493553162,train
1738633,19.0,0,0.017429618164896965,train
1520643,109.0,0,-1.1727750301361084,train
1504785,1.4333332777023315,1,0.9700313806533813,train
1607015,72.0,1,-0.11200759559869766,train
1621584,21.700000762939453,1,0.978692889213562,train
1617984,40.86666488647461,0,-0.1132901981472969,train
1518276,15.0,1,0.5872769951820374,train
1519784,15.5,1,1.2532013654708862,train
1520463,110.76667022705078,0,-0.9541457891464233,train
1818151,35.93333435058594,0,0.7801358699798584,train
1527105,107.0,0,-1.2864325046539307,train
1530721,107.9000015258789,0,-1.041490912437439,train
1531211,51.0,1,1.1090153455734253,train
1532633,8.166666984558105,1,1.1636788845062256,train
1533101,106.0,0,-1.319400429725647,train
1514418,38.266666412353516,1,-0.06088428944349289,train
1514824,73.0,0,-1.2105940580368042,train
1520444,105.0,0,-0.0019915932789444923,train
1520445,27.299999237060547,1,0.7199565768241882,train
1622515,83.0,0,-1.3686611652374268,train
1816593,51.0,1,1.04702889919281,train
1624653,36.0,0,-1.3675450086593628,train
1714170,19.100000381469727,1,1.9966758489608765,train
1716546,72.73332977294922,0,0.6090983748435974,train
1718419,85.0,0,-1.8545676469802856,train
1719671,15.033333778381348,1,1.181265950202942,train
1731146,82.76667022705078,0,0.09610294550657272,train
1721726,47.36666488647461,1,0.32550397515296936,train
1729390,79.96666717529297,0,-3.2719974517822266,train
1536309,21.0,1,-0.46909797191619873,train
1543070,5.0,1,1.6263772249221802,train
1925713,56.0,0,-2.7602570056915283,train
1602115,87.69999694824219,0,0.34945982694625854,train
1639476,91.0,0,-1.2752337455749512,train
1700730,58.0,0,0.6016038656234741,train
1704751,89.0,0,-1.7599155902862549,train
1704327,25.0,1,-0.9999043345451355,train
1708521,84.0,0,-0.736854076385498,train
1718881,19.0,1,0.12520384788513184,train
1828201,70.0,0,-1.4441856145858765,train
1503793,76.0,1,-0.6416621804237366,train
1721036,70.9000015258789,1,0.1949819177389145,train
1519193,9.0,1,0.8985616564750671,train
1521439,109.0,0,-1.3978251218795776,train
1523365,11.533333778381348,1,1.1462537050247192,train
1711695,87.0,0,-1.2105276584625244,train
1619708,18.633333206176758,1,1.088437557220459,train
1620082,61.86666488647461,1,0.5083283185958862,train
1638631,91.0,0,-0.8275551199913025,train
1705955,52.733333587646484,1,1.3861896991729736,train
1739359,67.0,0,-2.3444581031799316,train
1504486,33.0,1,1.4712215662002563,train
1503265,47.0,1,1.3779176473617554,train
1503131,69.0999984741211,1,1.3300557136535645,train
1932572,58.43333435058594,0,-1.0613397359848022,train
1512086,80.56666564941406,1,0.5966268181800842,train
1516291,77.0,0,-0.6198670864105225,train
1519894,30.066667556762695,1,0.8494309186935425,train
1522871,101.0,0,-0.3859044313430786,train
1720012,76.0,0,-0.2850039601325989,train
1627052,6.0,1,0.2949336767196655,train
1537918,89.0,1,-0.7748197913169861,train
1532422,15.0,1,0.29789865016937256,train
1543210,19.633333206176758,1,2.163092613220215,train
1611111,6.0,1,1.686814308166504,train
1617723,22.0,0,-2.5103187561035156,train
1617650,91.0,1,-0.5703364610671997,train
1928830,24.700000762939453,0,0.5923855900764465,train
1529999,71.63333129882812,1,1.1975141763687134,train
1612740,86.0,0,0.14471092820167542,train
1615403,12.133333206176758,1,2.756150484085083,train
1537033,104.0,0,-1.5054962635040283,train
1538174,92.0,0,0.7271411418914795,train
1540535,10.833333015441895,1,2.4033846855163574,train
1538646,44.099998474121094,1,1.5579246282577515,train
1539679,22.0,1,0.6438090205192566,train
1542121,103.0,0,-0.9270510077476501,train
1604743,99.0,1,0.7995349168777466,train
1543785,92.93333435058594,0,-2.5220279693603516,train
1543438,91.80000305175781,0,0.523069441318512,train
1600192,1.0,1,1.0659900903701782,train
1607251,11.433333396911621,1,1.4602296352386475,train
1601929,99.19999694824219,0,-1.2637817859649658,train
1603647,14.699999809265137,1,2.5506856441497803,train
1803624,5.066666603088379,1,1.298541784286499,train
1804424,77.0,0,-1.9986848831176758,train
1804432,78.33333587646484,0,0.022249320521950722,train
1810255,68.0,0,-1.5634558200836182,train
1812585,49.70000076293945,1,0.9834016561508179,train
1813078,29.16666603088379,1,0.9235469102859497,train
1814284,72.5999984741211,1,0.8263537883758545,train
1817695,73.0,1,0.23803439736366272,train
1817623,73.0,0,-2.144634246826172,train
1818344,58.599998474121094,0,0.15120506286621094,train
1824936,26.766666412353516,0,-1.6234420537948608,train
1827128,71.0,0,-0.20463518798351288,train
1829198,19.0,0,-0.3154100775718689,train
1814115,49.0,0,-0.6878546476364136,train
1814861,74.0,0,0.05458445101976395,train
1817375,71.0,0,-0.17093482613563538,train
1818612,23.933332443237305,0,0.6563040018081665,train
1820101,7.266666889190674,1,1.4013159275054932,train
1816891,74.0,0,-2.3395400047302246,train
1819240,41.0,0,-2.418682813644409,train
1941509,55.0,0,-2.2096385955810547,train
1823703,30.0,0,-0.6322698593139648,train
1926474,46.0,1,-0.2623262107372284,train
1926325,59.0,0,-1.6168594360351562,train
1813564,48.66666793823242,0,-0.14124692976474762,train
1924669,60.0,0,-1.053303837776184,train
1820492,72.0,0,-2.2116751670837402,train
1826911,17.0,0,-1.441043496131897,train
1823681,71.0,0,-1.5880266427993774,train
1731335,66.0,0,-0.10759595781564713,train
1733191,60.0,0,-0.8851998448371887,train
1737169,53.0,0,-2.0478386878967285,train
1736285,58.0,0,-1.6892002820968628,train
1734758,81.43333435058594,0,-1.4924757480621338,train
1740750,79.96666717529297,0,-0.5817474126815796,train
1737717,66.0,0,0.46077030897140503,train
1739507,62.33333206176758,0,0.25626933574676514,train
1739039,80.0,0,0.28065964579582214,train
1720677,59.0,0,-1.9721091985702515,train
1722988,82.73332977294922,0,-0.24624234437942505,train
1724765,72.0,0,-2.2618918418884277,train
1723321,8.433333396911621,0,0.9032869338989258,train
1728623,16.866666793823242,1,1.0570662021636963,train
1732026,77.0,0,-0.9170804619789124,train
1801242,41.33333206176758,1,1.552964448928833,train
1735482,80.0,0,0.1848667412996292,train
1734965,11.066666603088379,1,0.9276137948036194,train
1737916,80.73332977294922,0,-1.2558070421218872,train
1802517,71.0,0,-1.8732585906982422,train
1804340,21.600000381469727,1,1.5836949348449707,train
1821002,62.0,0,-1.5701904296875,train
1741209,12.166666984558105,1,-1.6980167627334595,train
1740291,41.0,0,-1.179839849472046,train
1741099,79.0,0,-1.3387329578399658,train
1805930,52.0,0,0.42100104689598083,train
1800498,19.0,1,0.23181049525737762,train
1922266,21.0,0,-0.869852602481842,train
1802588,18.0,1,1.3266048431396484,train
1805294,63.0,0,-2.1936700344085693,train
1807131,76.0,0,-1.0635120868682861,train
1912267,22.0,1,-0.6914491057395935,train
1631879,77.4000015258789,0,-1.888794183731079,train
1631152,94.0,0,-2.126652717590332,train
1631638,8.0,1,-0.5231402516365051,train
1633573,46.0,0,-2.861147880554199,train
1638237,6.366666793823242,1,1.1814932823181152,train
1710045,10.966666221618652,1,0.7855884432792664,train
1709223,88.0,0,-0.9445260167121887,train
1710992,43.13333511352539,1,0.817728579044342,train
1706360,89.63333129882812,0,-0.3032701909542084,train
1922803,58.0,0,-0.19703790545463562,train
1926483,59.0,0,-0.742191731929779,train
1942065,47.0,0,-0.7483934164047241,train
1930437,58.0,0,-0.3546391725540161,train
1930665,59.0,0,-1.818900227546692,train
1930169,58.0,0,-2.049236297607422,train
1920978,46.0,1,0.44635844230651855,train
1913529,63.0,0,-2.282788038253784,train
1919245,62.0,0,-2.3812503814697266,train
1918113,61.0,0,-1.8701014518737793,train
1920232,62.13333511352539,0,-2.6766436100006104,train
1919873,61.06666564941406,0,0.9004033803939819,train
1918734,44.0,0,-1.3015989065170288,train
1919315,61.0,0,-2.511601686477661,train
1924112,60.0,0,-1.7823569774627686,train
1923197,13.133333206176758,0,-1.1816617250442505,train
1925702,59.0,0,-2.2990927696228027,train
1924499,9.566666603088379,1,0.6028217077255249,train
1924842,60.0,0,0.6607508659362793,train
1927741,54.0,0,-2.280787944793701,train
1926968,59.0,0,-2.0340232849121094,train
1927202,59.0,0,-0.7790176868438721,train
1929027,58.0,0,-1.8412020206451416,train
1929023,58.0,0,-2.4961187839508057,train
1910359,8.0,1,0.7200591564178467,train
1922820,57.0,0,-0.3294658660888672,train
1923931,57.0,0,-2.7583398818969727,train
1922265,25.33333396911621,1,0.07227925211191177,train
1921550,57.13333511352539,0,-3.182717800140381,train
1928016,59.0,0,0.2403753101825714,train
1928195,59.0,0,-2.1788651943206787,train
1908469,64.0,0,-0.49471861124038696,train
1834537,60.0,0,-1.644555926322937,train
1901022,16.0,0,-3.1616735458374023,train
1840070,1.0,0,1.6603834629058838,train
1838871,67.0,0,-0.8527687788009644,train
1840751,67.0,0,0.8638910055160522,train
1902757,66.0,0,-2.42187237739563,train
1841844,67.0,0,0.21639218926429749,train
1842055,67.0,0,-2.477262496948242,train
1906765,19.0,0,-1.6094627380371094,train
1902593,61.0,0,-0.9031688570976257,train
1903242,60.0,0,-0.8505648374557495,train
1907760,62.0,0,-1.1734509468078613,train
1907363,62.0,0,-2.1386196613311768,train
1909612,20.0,1,1.8583813905715942,train
1908315,64.0,0,-3.427427291870117,train
1911314,60.0,0,-2.6942574977874756,train
1832345,69.0,0,-0.07533536851406097,train
1916184,11.666666984558105,1,2.1199307441711426,train
1823210,24.96666717529297,1,0.7699054479598999,train
1826720,71.0,0,-1.6636393070220947,train
1824854,71.0,0,-1.6237468719482422,train
1828094,27.5,1,0.8388715982437134,train
1835488,68.0,0,-1.3975913524627686,train
1835846,68.0,0,-1.196152925491333,train
1836823,35.0,0,-2.154930830001831,train
1837426,68.0,0,-0.8089282512664795,train
1904992,65.0,0,-2.7844736576080322,train
1904968,65.0,0,-2.062108039855957,train
1903865,50.0,0,-0.9412111043930054,train
1907563,64.0,0,-2.8040897846221924,train
1908358,61.0,0,-3.0791049003601074,train
1831798,23.233333587646484,1,0.9710395932197571,train
1923405,60.0,0,-2.1395387649536133,train
1821182,61.0,0,-2.222905158996582,train
1828193,61.0,0,-0.6794785857200623,train
1835853,68.0,0,-2.8355085849761963,train
1840582,17.0,0,0.03134988248348236,train
1841202,67.0,0,-1.953568935394287,train
1838887,54.0,1,-0.2962696850299835,train
1912831,63.0,0,-3.2174336910247803,train
1925047,13.300000190734863,1,0.4499669075012207,train
1828773,61.0,0,-1.34499192237854,train
1840250,67.0,0,-2.018617630004883,train
1900136,63.0,0,-2.0530874729156494,train
1907926,64.0,0,-2.310986042022705,train
1920221,58.0,0,-1.8248224258422852,train
1919474,52.0,0,-2.2826833724975586,train
1834955,68.0,1,-1.5667437314987183,train
1835181,58.63333511352539,0,-1.1083625555038452,train
1907186,64.0,0,-2.1240599155426025,train
1905283,41.0,1,-2.1306142807006836,train
1919861,58.0,0,-3.0196564197540283,train
1906226,22.233333587646484,1,0.6657836437225342,train
1435626,69.0,1,-1.3251805305480957,train
1441133,30.0,1,0.13386066257953644,train
1924303,60.0,0,-2.32316255569458,train
1709049,88.0,0,-2.093524694442749,train
1518665,90.0,0,-0.7205612063407898,train
1541805,103.0,0,-0.14043816924095154,train
1733553,78.0,0,-2.13395094871521,train
1812586,18.0,0,-1.1816591024398804,train
1824021,71.0,0,-2.575939416885376,train
1841125,67.0,0,-2.27056884765625,train
1842047,66.0,0,-1.6730563640594482,train
1910772,63.0,0,-1.2886178493499756,train
1911681,13.0,1,-1.1859652996063232,train
1911507,63.0,0,-0.5098513960838318,train
1923933,31.03333282470703,1,-0.2788830101490021,train
1926193,59.0,0,-1.9612188339233398,train
1927107,15.0,0,-2.234050989151001,train
1929852,58.0,0,-2.3293142318725586,train
1931323,48.0,0,-2.8115077018737793,train
1941711,55.0,0,-1.6482651233673096,train
1930666,58.0,0,-2.481127977371216,train
1830985,67.0,0,-2.8239009380340576,train
1924111,42.0,1,1.5489765405654907,train
1705599,89.0,0,-2.350586175918579,train
1609298,100.0,0,-1.0521405935287476,train
1322982,28.0,1,1.6202138662338257,train
1521966,109.0,0,-1.626408338546753,train
1642474,24.0,1,1.5702987909317017,train
1815999,71.0,1,0.1119707003235817,train
1903145,66.0,1,0.8379500508308411,train
1639237,92.0,0,-1.837040901184082,train
1830284,59.0,0,-1.195037841796875,train
2129111,6.0,1,2.029412031173706,train
