fold,temperature,temperature_label,split,cindex,risk_spearman_vs_T1,attention_entropy_norm_mean,effective_patch_ratio_mean,max_attention_mean,best_train_entropy_target
0,1.5,T_match,train,0.9260321220054437,,0.8834549021349187,0.13579279299905736,0.009507520685391397,0.8917957227054842
0,1.5,T_match,val,0.7113730487416374,,0.8875193195005434,0.1436098525937746,0.009100542572714322,0.8917957227054842
0,0.5,T=0.5,train,0.922666168006815,,0.3846189029491973,0.0019528697252798777,0.25074384980036446,
0,0.5,T=0.5,val,0.7116916215355209,,0.3811947592591817,0.00167724542530166,0.26963297824944016,
0,1.0,T=1,train,0.9448565314051819,1.0,0.7364461250387481,0.02672228674385592,0.039997709402192244,
0,1.0,T=1,val,0.7155144950621217,1.0,0.746462262309758,0.027404355660569972,0.0380971154972779,
0,1.5,T=1.5,train,0.9260321220054437,0.9782259518506734,0.8834549021349187,0.13579279299905736,0.009507520685391397,
0,1.5,T=1.5,val,0.7113730487416374,0.9748486259897533,0.8875193195005434,0.1436098525937746,0.009100542572714322,
0,2.0,T=2,train,0.9027405514346859,0.9442324212535792,0.9389159763045194,0.31403353471164747,0.0036217605847842526,
0,2.0,T=2,val,0.7113730487416374,0.9422449930135074,0.9404313464080338,0.3283311611233803,0.0036566655431766954,
0,4.0,T=4,train,0.85966880674853,0.8705034998409161,0.9872852259861069,0.7745847871419996,0.0006841667396283993,
0,4.0,T=4,val,0.703090156100669,0.8812213054760797,0.9874566508605417,0.7799090793933497,0.0007421236608354622,
1,2.0,T_match,train,0.8789319828722003,,0.9557336896724319,0.4536114645598634,0.0017687714053784603,0.9685287016271749
1,2.0,T_match,val,0.7316430688179124,,0.955631509818862,0.4485139702546623,0.0016709465826593702,0.9685287016271749
1,0.5,T=0.5,train,0.891016139657444,,0.5431761396488793,0.006499617653946005,0.11870072590900722,
1,0.5,T=0.5,val,0.6687520579519263,,0.5512620213284957,0.006565597101120221,0.10240396525941592,
1,1.0,T=1,train,0.9048089591567853,1.0,0.8286173185686226,0.08155995249507157,0.013484319433194475,
1,1.0,T=1,val,0.7046427395456042,1.0,0.8273216813011507,0.0829484916437519,0.012187337539925248,
1,1.5,T=1.5,train,0.8933835638998683,0.98733733693923,0.9202076929449239,0.26329866047525957,0.003793232853862484,
1,1.5,T=1.5,val,0.7171550872571617,0.9869419123028813,0.919622353220408,0.2603561556056219,0.0035478777212989148,
1,2.0,T=2,train,0.8789319828722003,0.9688968872627001,0.9557336896724319,0.4536114645598634,0.0017687714053784603,
1,2.0,T=2,val,0.7316430688179124,0.9710476412269614,0.955631509818862,0.4485139702546623,0.0016709465826593702,
1,4.0,T=4,train,0.8469820487483531,0.9204561724467067,0.9897649637309374,0.8226505765488341,0.00048037979639428804,
1,4.0,T=4,val,0.7352650642081001,0.9306923281655467,0.989784986571928,0.821523846062174,0.0004589422374131339,
2,1.5,T_match,train,0.9238834394774026,,0.8859514682822758,0.1388517069195435,0.009496596089771225,0.9044516556792789
2,1.5,T_match,val,0.6955932203389831,,0.8858069522040231,0.1395352435725104,0.00916917094998228,0.9044516556792789
2,0.5,T=0.5,train,0.9325865705567956,,0.3783404295477602,0.0015978858333254033,0.2684315955059396,
2,0.5,T=0.5,val,0.6888135593220339,,0.37969640492727713,0.0016656223039516111,0.26418900423284086,
2,1.0,T=1,train,0.9472078307701759,1.0,0.7399591667784585,0.0266759154302812,0.041184464893821215,
2,1.0,T=1,val,0.6989830508474576,1.0,0.7429882383772305,0.026660084558087483,0.038702012991832034,
2,1.5,T=1.5,train,0.9238834394774026,0.9774277733058765,0.8859514682822758,0.1388517069195435,0.009496596089771225,
2,1.5,T=1.5,val,0.6955932203389831,0.9783800867871664,0.8858069522040231,0.1395352435725104,0.00916917094998228,
2,2.0,T=2,train,0.9010300411606905,0.9451847828055119,0.9402911910745833,0.3198053913146472,0.003664293660161396,
2,2.0,T=2,val,0.6877966101694916,0.9525831140875389,0.9395539925566742,0.3217486193259788,0.0036277215528701034,
2,4.0,T=4,train,0.8586201953596952,0.8773948842545726,0.9875428765349918,0.7785199755897242,0.000698923789734383,
2,4.0,T=4,val,0.663728813559322,0.8889534287764377,0.9872095542294639,0.7753725768215448,0.0007116192895669623,
3,2.0,T_match,train,0.882728245657364,,0.9484550019105276,0.39954668235779167,0.0027734102576505394,0.9362500222524007
3,2.0,T_match,val,0.719350563286945,,0.9515529147216252,0.4132969863066204,0.00254407888132846,0.9362500222524007
3,0.5,T=0.5,train,0.8892524903268296,,0.44824519876494173,0.0035094924619785534,0.21199302410499918,
3,0.5,T=0.5,val,0.6891981444665342,,0.4374991467837909,0.002746184806236491,0.22845184508644575,
3,1.0,T=1,train,0.9203301226640322,1.0,0.7845198812087377,0.05451384462295782,0.02998489500152775,
3,1.0,T=1,val,0.707090788601723,1.0,0.7936651270304408,0.049930414833994505,0.02908792504084496,
3,1.5,T=1.5,train,0.9013748250596855,0.9809854534261075,0.9040417155954573,0.21042305777389278,0.0069625117575439315,
3,1.5,T=1.5,val,0.7143803843605037,0.9626285577613012,0.9094118071453912,0.21358649686428555,0.00632143638254742,
3,2.0,T=2,train,0.882728245657364,0.9578922694268451,0.9484550019105276,0.39954668235779167,0.0027734102576505394,
3,2.0,T=2,val,0.719350563286945,0.9352598489766631,0.9515529147216252,0.4132969863066204,0.00254407888132846,
3,4.0,T=4,train,0.8460319420433029,0.9052579354301339,0.9888027981917064,0.8044969365869754,0.0005937387337002696,
3,4.0,T=4,val,0.7123923127899271,0.876183073085728,0.9895915128290653,0.8146044557598356,0.0005474676451870307,
4,1.5,T_match,train,0.9241137370753324,,0.883582028945287,0.14182487314514497,0.009272081611626265,0.8758586993482378
4,1.5,T_match,val,0.6564705882352941,,0.8853158205747604,0.1364284191400674,0.009363519871840253,0.8758586993482378
4,0.5,T=0.5,train,0.920605612998523,,0.3805313127901819,0.0020029287162199143,0.2586716085630986,
4,0.5,T=0.5,val,0.6759663865546218,,0.3684777596499771,0.0016573873861414716,0.2733669248076954,
4,1.0,T=1,train,0.9416133267684228,1.0,0.738678299387296,0.028210637227549806,0.039298419839599065,
4,1.0,T=1,val,0.6678991596638656,1.0,0.7385084804679666,0.025023799675378534,0.04202429239272273,
4,1.5,T=1.5,train,0.9241137370753324,0.9808848438757722,0.883582028945287,0.14182487314514497,0.009272081611626265,
4,1.5,T=1.5,val,0.6564705882352941,0.9809683261010694,0.8853158205747604,0.1364284191400674,0.009363519871840253,
4,2.0,T=2,train,0.9055678647628426,0.9551522394349274,0.9387722143861983,0.32131574625650255,0.003633663421496749,
4,2.0,T=2,val,0.6477310924369748,0.9569310144531383,0.9395342586295945,0.3203652381876072,0.0036084738416580615,
4,4.0,T=4,train,0.864742327260791,0.8911449439256491,0.9874097430706024,0.7759107683860902,0.0007005037387393208,
4,4.0,T=4,val,0.641344537815126,0.9131786653910549,0.9872622915676662,0.7764279632137863,0.0006871373812568241,
