fold,temperature,temperature_label,train_cindex,val_cindex,gap,t1_consistency_checked,best_train_entropy_target
0,1.5,T_match,0.9260321220054437,0.7113730487416374,0.2146590732638063,True,0.8917957227054842
0,0.5,T=0.5,0.922666168006815,0.7116916215355209,0.2109745464712941,True,
0,1.0,T=1,0.9448565314051819,0.7155144950621217,0.22934203634306016,True,
0,1.5,T=1.5,0.9260321220054437,0.7113730487416374,0.2146590732638063,True,
0,2.0,T=2,0.9027405514346859,0.7113730487416374,0.19136750269304847,True,
0,4.0,T=4,0.85966880674853,0.703090156100669,0.15657865064786092,True,
1,2.0,T_match,0.8789319828722003,0.7316430688179124,0.1472889140542879,True,0.9685287016271749
1,0.5,T=0.5,0.891016139657444,0.6687520579519263,0.2222640817055177,True,
1,1.0,T=1,0.9048089591567853,0.7046427395456042,0.20016621961118108,True,
1,1.5,T=1.5,0.8933835638998683,0.7171550872571617,0.17622847664270658,True,
1,2.0,T=2,0.8789319828722003,0.7316430688179124,0.1472889140542879,True,
1,4.0,T=4,0.8469820487483531,0.7352650642081001,0.11171698454025303,True,
2,1.5,T_match,0.9238834394774026,0.6955932203389831,0.22829021913841951,True,0.9044516556792789
2,0.5,T=0.5,0.9325865705567956,0.6888135593220339,0.2437730112347617,True,
2,1.0,T=1,0.9472078307701759,0.6989830508474576,0.2482247799227183,True,
2,1.5,T=1.5,0.9238834394774026,0.6955932203389831,0.22829021913841951,True,
2,2.0,T=2,0.9010300411606905,0.6877966101694916,0.21323343099119896,True,
2,4.0,T=4,0.8586201953596952,0.663728813559322,0.19489138180037324,True,
3,2.0,T_match,0.882728245657364,0.719350563286945,0.16337768237041894,True,0.9362500222524007
3,0.5,T=0.5,0.8892524903268296,0.6891981444665342,0.20005434586029547,True,
3,1.0,T=1,0.9203301226640322,0.707090788601723,0.21323933406230922,True,
3,1.5,T=1.5,0.9013748250596855,0.7143803843605037,0.1869944406991818,True,
3,2.0,T=2,0.882728245657364,0.719350563286945,0.16337768237041894,True,
3,4.0,T=4,0.8460319420433029,0.7123923127899271,0.1336396292533758,True,
4,1.5,T_match,0.9241137370753324,0.6564705882352941,0.26764314884003826,True,0.8758586993482378
4,0.5,T=0.5,0.920605612998523,0.6759663865546218,0.24463922644390113,True,
4,1.0,T=1,0.9416133267684228,0.6678991596638656,0.2737141671045572,True,
4,1.5,T=1.5,0.9241137370753324,0.6564705882352941,0.26764314884003826,True,
4,2.0,T=2,0.9055678647628426,0.6477310924369748,0.25783677232586777,True,
4,4.0,T=4,0.864742327260791,0.641344537815126,0.22339778944566502,True,
