fold,temperature,split,cindex,risk_spearman_vs_T1,attention_entropy_norm_mean,effective_patch_ratio_mean,max_attention_mean
2,0.5,train,0.8732824114840374,,0.6839238410525852,0.017994011913639908,0.0602943167090416
2,0.5,val,0.7416949152542373,,0.6815159735935075,0.017580643085283777,0.060122101002239754
2,1.0,train,0.8803063502139946,1.0,0.9044516494539049,0.21275967310444097,0.005593914002852722
2,1.0,val,0.7342372881355932,1.0,0.9006146038217204,0.2073075320537087,0.005761931670089585
2,1.5,train,0.8699240267851658,0.9928514544104746,0.9567638268735674,0.46923325716240694,0.0017797216769152632
2,1.5,val,0.7183050847457627,0.9885707452079134,0.9545580356248787,0.4585241495987865,0.001864238577711928
2,2.0,train,0.8616099768599103,0.9830105498463368,0.9757376646995545,0.6452323328876788,0.0009394484795888679
2,2.0,val,0.7061016949152542,0.9754587077595928,0.9744629700269017,0.6337011873793638,0.0009877628025216317
2,4.0,train,0.844285626523048,0.9594405239861269,0.9940436571174198,0.8951723413761137,0.00033388081236302645
2,4.0,val,0.6928813559322033,0.9457323948474391,0.9937503470906189,0.8904250896773617,0.0003504781140821121
